new_title,new_source_id,new_author,new_level,matched_existing_title,matched_existing_source_platform,matched_existing_author,classification,match_scope
I Can Climb,2babed54-3cab-489a-a8c5-a4d22d062eb6,Deval Maniar,2,I Can Climb!,gdl,StoryWeaver,false-positive,db
What type of teeth?,30669502-5a84-4785-ae6c-b40102a09901,,2,What type of teeth?,bloom,,unknown(author-missing),db
Parts of the face,37b0298e-c6e8-42bc-a4a7-74db71d4a28a,Sue Beattie,1,Parts of the Face,bloom(batch),Sue Beattie,true-dup,batch
Back to School,f2aef310-67b4-4e11-958b-92a32db33105,various,1,Back to School,bloom,various,true-dup,db
One Two Three,dc5d3ecf-24d5-4b4a-a34a-d85b9276ca33,Little Zebra Books,1,One Two Three,bloom,Little Zebra Books,true-dup,db
Luwo's House,20072a66-565e-4972-8fe4-1a14b629a8ba,Jacob Matthess,2,Luwo's House,african_storybook,Little Zebra Books,false-positive,db
Egg,09347bf9-2dbf-455a-be80-d49939cc933d,Megan Vermaak,1,Egg,book_dash,Mirna Lawrence,false-positive,db
Colours of Nature,1b7a882c-9de5-49e5-af0a-007b7d315d3c,Bulbul Sharma,2,Colours of nature,gdl,,unknown(author-missing),db
Egg,8c93fdec-83d0-4478-a7e4-a4f827460783,Megan Vermaak,1,Egg,book_dash,Mirna Lawrence,false-positive,db
Colours of a Rainbow,8b4422c7-2558-4aa2-a551-1cf7366e343c,,2,Colours of a Rainbow,african_storybook,Caren Echesa,unknown(author-missing),db
"Animals, Animals",6aeee620-14f3-4d0b-9647-10e88b0a5c6b,"Sandy Campbell, Wiehan de Jager and Rob Owen",2,"Animals, Animals",african_storybook,Tabingwa Aisha,false-positive,db
My Best Friend,4179a7bb-9e6e-4637-a153-33fd8e38101d,Suvidha Mistry,2,My best friend,gdl,,unknown(author-missing),db
One Two Three,753cb415-a508-41ed-9239-54c38c857550,Little Zebra Books,1,One Two Three,bloom,Little Zebra Books,true-dup,db
Luwo’s House,7c16e74a-730b-4d31-abf7-35ea00368372,Jacob Matthess,2,Luwo's House,african_storybook,Little Zebra Books,false-positive,db
Where is My Mother?,09c4a597-de75-4eaa-b1d3-d751d93fc82f,R. C. Pradeep Kumar,2,Where is My Mother?,gdl,StoryWeaver,false-positive,db
पाठा र म,75dd8207-6531-46f1-9267-295f02a87107,,2,पाठा र म,bloom(batch),,unknown(author-missing),batch
"One, Two, Three",0fbc58d6-44a4-4061-89b2-0d9b9139ccf6,Little Zebra Books,1,One Two Three,bloom,Little Zebra Books,true-dup,db
Where Is It?,0d09114a-c342-4952-aa74-4f32e4355b85,Magriet Brink & Leo Daly,1,Where Is It?,bloom,Magriet Brink & Leo Daly,true-dup,db
Aaloo-Maaloo-Kaaloo,a6372358-e984-4c17-8bdf-f1d7ff8db4a6,Suvidha Mistry,2,Aaloo-Maaloo-Kaaloo,gdl,StoryWeaver,false-positive,db
Is There Anyone Like Me?,5e863c6c-5465-4ee2-be82-b124ceffc653,Jess Jardim-Wedepohl,2,Is There Anyone Like Me?,book_dash,"Fred Strydom, Jess Jardim-Wedepohl, Stephen Wallace",true-dup,db
ಕಿಪ್ಪ್ ಬಾಳ್‌ಮಾ ತೀಪಾಂಗಿ ಮಾಡ್ ನಾರಾಯ್ನ್ ಸಂಗ್‌ಲೂ ಕಾಯ್ರಿಗ್‌,ce52b15b-8cfd-4035-993c-2e631bc656d0,,1,ಕಿಪ್ಪ್ ಬಾಳ್‌ಮಾ ತೀಪಾಂಗಿ ಮಾಡ್ ನಾರಾಯ್ನ್ ಸಂಗ್‌ಲೂ ಕಾಯ್ರಿಗ್‌,bloom(batch),,unknown(author-missing),batch
Parts of the Body,c01a0f90-4256-4741-b241-9bed25b9e807,Sue Beattie,1,Parts of the Body,bloom,Sue Beattie,true-dup,db
Small Bird's BIG Adventure,f434f1f2-d9d6-4ce3-bd52-716faee82a65,Wesley van Eeden,2,Small Bird’s Big Adventure,book_dash,Nick Mulgrew,false-positive,db
I Can Climb,f68aca31-390f-49a3-a370-d372f0f2edc1,Deval Maniar,2,I Can Climb!,gdl,StoryWeaver,false-positive,db
The Moon and the Cap,9428deff-5ad7-44cc-8a69-68f6aa95e492,Angie and Upesh,1,The Moon and the Cap,gdl,,unknown(author-missing),db
Big Blue Bus,ef4e80d6-2389-4f21-9a5e-a93378c77a86,Mango Tree,2,Big Blue Bus,african_storybook,Mecelin Kakoro,false-positive,db
Parts of the Face,18a3f21c-ec47-437b-852b-557305db5246,Sue Beattie,1,Parts of the Face,bloom(batch),Sue Beattie,true-dup,batch
मेरो आमा,0580e6b1-12ea-4688-be8f-b18ac613526b,,1,मेरो आमा,bloom(batch),,unknown(author-missing),batch
Wild Animals,dcc7f4d6-7675-4e1b-a5dd-dec93882e48d,Marleen Visser,1,Wild Animals,bloom,Yathin Krishnappa,false-positive,db
I Feel,ab74a1a1-c288-4da3-9c72-ef18e98db782,Craig Aldred modified by Elizabeth Carlson 2022,1,I Feel,bloom,Craig Aldred,true-dup,db
Wild Animals,5d93f29d-2e0b-4e8c-ae26-34ab516845b6,Mbange Ernest Bawe,1,Wild Animals,bloom,Yathin Krishnappa,false-positive,db
Pehelwaan Ji,84768a7a-a212-451f-9aeb-876bd44e854f,Ajit Narayan,2,Pehelwaan Ji,gdl,StoryWeaver,false-positive,db
True friends,59faeb10-7773-4e68-9579-664f37737f23,Shailja Jain Chougule,2,True Friends,african_storybook,Maria Timothy and Aisha Aliyu,false-positive,db
Wild Animals,9c43a369-c449-48be-ad35-d576a1f250d5,Yathin Krishnappa,1,Wild Animals,bloom,Yathin Krishnappa,true-dup,db
The Moon And The Cap,df5a75f1-f550-4178-a8df-56bd09959165,Angie and Upesh,2,The Moon and the Cap,gdl,,unknown(author-missing),db
Colours of a Rainbow,9594e235-799a-46a9-b0af-ce9fea09ccb1,African Storybook Initiative,2,Colours of a Rainbow,african_storybook,Caren Echesa,false-positive,db
Farm Animals,2042d454-8c3f-46fd-9006-e7db83d58afc,Marleen Visser,1,Farm Animals,bloom,Marleen Visser,true-dup,db
The Moon and the Cap,e509af93-9f5f-43d7-9c66-154065832336,Angie and Upesh,1,The Moon and the Cap,gdl,,unknown(author-missing),db
One Two Three,857b995d-e9ec-466c-b7eb-4e8972307ea9,Little Zebra Books,1,One Two Three,bloom,Little Zebra Books,true-dup,db
Look in the sky. What do you see?,855bec65-691d-47db-9993-c01bc05b81b4,Craig Aldred,1,Look in the sky. What do you see?,bloom(batch),Craig Aldred,true-dup,batch
One Two Three,e0594fd4-1ada-4b3f-8083-0b7ca5b08ee0,Little Zebra Books,1,One Two Three,bloom,Little Zebra Books,true-dup,db
One Two Three,95cdfdb2-72a8-4278-8fd5-6b9b6909fe46,Little Zebra Books,1,One Two Three,bloom,Little Zebra Books,true-dup,db
मलाई पढ्‌न मन पर्छ,be2bfbac-5b48-43d9-82f1-3bec389545a9,Wiehan de Jager,1,मलाई पढ्‌न मन पर्छ,bloom(batch),,unknown(author-missing),batch
Look in the sky. What do you see?,a842b359-22cb-4275-8ac3-c1d72d352ca2,Craig Aldred,1,Look in the sky. What do you see?,bloom(batch),Craig Aldred,true-dup,batch
​What Are They Doing?,fa6f0914-1d0b-4dc9-aec6-864268d897fe,N.D. Mazin,1,What Are They Doing?,bloom(batch),N.D. Mazin,true-dup,batch
A Trip to the Tap,29032d37-5401-45e1-9de7-d7992af7f39b,Phumle April,2,A trip to the tap,book_dash,Sindeka Mandoyi,false-positive,db
Agama Lizard,e5418879-8cbe-467e-962d-748edfff1da5,AUN EWP,2,AGAMA LIZARD,bloom(batch),Gordon Martin,false-positive,batch
Parts of the Face,074cf6b2-4e65-4163-b263-961cd40c6997,Sue Beattie,1,Parts of the Face,bloom(batch),Sue Beattie,true-dup,batch
Thato's Birthday Surprise,e51a1ea8-d92d-4630-ae7e-38e60bbd507b,Brad Cuzen,2,Thato's Birthday Surprise,book_dash,"Jodi Houareau, Brad Cuzen, Corinne Lamoral-Rosmarin",true-dup,db
Annoying Mosquito,1b711e5b-9f01-415e-8f33-40f28f11024e,Magriet Brink,1,Annoying Mosquito,african_storybook,Ursula Nafula,false-positive,db
Listen to my Body,46326cbb-ba36-4691-9754-c1585bd0adc2,Angie & Upesh,2,Listen to my Body,african_storybook,Noni,false-positive,db
"Come Back, Cat!",8e31b35e-0595-449a-838c-1f27115ae69c,Karen Lilje,2,"Come Back, Cat!",book_dash,"Nicola Rijsdijk, Karen Lilje, Sam Scarborough",true-dup,db
What Are You Doing?,c04de3a9-0ab0-4cff-bb9b-79dd3b7fa800,African StoryBook Initiative,1,What Are You Doing?,gdl,African Storybook,true-dup,db
Where is My Mother?,107666ef-9879-409e-8c23-8d40d4a152d2,R. C. Pradeep Kumar,2,Where is My Mother?,gdl,StoryWeaver,false-positive,db
I Feel,7c58d0fb-e604-4018-874f-2cf53d61b336,Craig Aldred modified by Elizabeth Carlson 2022,1,I Feel,bloom,Craig Aldred,true-dup,db
Little and big,52f1468a-790e-4e6f-9a33-41f88443d11f,Little and big,1,Little and big,bloom,Little and big,true-dup,db
Farm Animals,a4690f8c-fe1a-497e-9987-2ce30fb2512b,Marleen Visser,1,Farm Animals,bloom,Marleen Visser,true-dup,db
One Two Three,b33e3bec-6d95-4699-bf5e-cf78d5771341,Little Zebra Books,1,One Two Three,bloom,Little Zebra Books,true-dup,db
What Type of Teeth?,47dbea42-21c8-41d6-bd15-3718fe81bdbf,,2,What type of teeth?,bloom,,unknown(author-missing),db
Пилдин тентек баласы,e44f2d54-4268-4542-ba9b-88a039f7468c,Wiehan de Jager,2,Пилдин тентек баласы,bloom(batch),,unknown(author-missing),batch
Wild animals,d2424bfb-15f4-4bce-b1b2-ad8c3ce719cf,Susan Rose,1,Wild Animals,bloom,Yathin Krishnappa,false-positive,db
Happy and Sad,01c3630b-9762-4e66-869e-e68c60c34a63,Saurabh Pandey,2,Happy and Sad,african_storybook,Ursula Nafula,false-positive,db
Parts of the Face,11bdd9a8-5ead-44e4-9175-23e289c94390,Sue Beattie,1,Parts of the Face,bloom(batch),Sue Beattie,true-dup,batch
Where is it?,e4162343-67b7-479e-bfba-6c4fc0c64be0,Magriet Brink & Leo Daly,1,Where Is It?,bloom,Magriet Brink & Leo Daly,true-dup,db
Parts of the Face,86f23514-1bb2-4aa8-9a82-59e85fbadd58,Sue Beattie,1,Parts of the Face,bloom(batch),Sue Beattie,true-dup,batch
Egg,1df59eb3-e8df-4b3f-af57-07678bb5cb5a,Megan Vermaak,1,Egg,book_dash,Mirna Lawrence,false-positive,db
Sweet and Sour (Tell me now series),8ebe1a1b-19ba-4847-8866-8e01eae9f3d2,Rijuta Ghate,1,Sweet and Sour (Tell me now series),bloom(batch),Rijuta Ghate,true-dup,batch
One Two Three,26613b3d-f90a-4097-ae09-7107e0d8db7b,Little Zebra Books,1,One Two Three,bloom,Little Zebra Books,true-dup,db
जनावरहरू,da694b7f-af07-4f5d-809b-2e015ba02de7,Mario Micklisch,1,जनावरहरू,bloom(batch),,unknown(author-missing),batch
The Moon and the Cap,0759b7bf-f02b-494c-9bc1-4b4e6d366acd,Angie and Upesh,2,The Moon and the Cap,gdl,,unknown(author-missing),db
Home,841ad58b-5941-4750-885d-e9dbc7e29ca8,Noah Agino,1,Home,african_storybook,lan'Aysha Sterling,false-positive,db
Is There Anyone Like Me?,b8be7ffd-e33d-41cc-9b4d-0ac90c5e9dba,Jess Jardim-Wedepohl,2,Is There Anyone Like Me?,book_dash,"Fred Strydom, Jess Jardim-Wedepohl, Stephen Wallace",true-dup,db
My Best Friend,1ae61cf2-fc2a-4b22-b032-699def295fd3,Suvidha Mistry,2,My best friend,gdl,,unknown(author-missing),db
Parts of the Face,81d33c36-e24c-44cd-b573-24d92c4e476e,Sue Beattie,1,Parts of the Face,bloom(batch),Sue Beattie,true-dup,batch
ఉంది రండు మూంద్,23be4d17-e9d5-4983-a758-e79be4d09cea,Little Zebra Books,1,ఉంది రండు మూంద్,bloom(batch),,unknown(author-missing),batch
Colours of a Rainbow,b42bed7f-d519-4e9c-87af-3626ce6e00e4,,2,Colours of a Rainbow,african_storybook,Caren Echesa,unknown(author-missing),db
जोनी उजर आउर टोपी,501ecf0e-6ce6-4cbd-b936-848984b84ad5,Angie and Upesh,2,जोनी उजर आउर टोपी,bloom(batch),,unknown(author-missing),batch
Little and big,24dd35dd-0bd4-4253-b8e9-d19f4173f221,Little and big,1,Little and big,bloom,Little and big,true-dup,db
Chisay,51d67549-a34f-42eb-938e-ce71b567aa1b,Cathy Marlett,2,Chisay,bloom(batch),Cathy Marlett,true-dup,batch
What Are You Doing?,df9772bd-31a6-4d2d-a1a2-eefda1b74249,African StoryBook Initiative,1,What Are You Doing?,gdl,African Storybook,true-dup,db
The Moon and the Cap,ce1727ad-a757-4791-95b7-cc2eecf11167,Angie and Upesh,1,The Moon and the Cap,gdl,,unknown(author-missing),db
One Two Three,26396b5c-1b4c-4590-b44b-a6263564e4d7,Little Zebra Books,1,One Two Three,bloom,Little Zebra Books,true-dup,db
The day the Sun went away,8cbf55b5-c0de-490c-84c4-d3dc73bf34cc,Jesse Breytenbach,2,The Day the Sun Went Away,african_storybook,Khothatso Ranoosi and Marion Drew,false-positive,db
"Come back, Cat",b572fc41-8fda-47f8-a1d7-a78872c2815d,Karen Lilje,1,"Come Back, Cat!",book_dash,"Nicola Rijsdijk, Karen Lilje, Sam Scarborough",true-dup,db
Parts of the Face,07ba681f-c375-449a-af27-96e91f868f78,Sue Beattie,1,Parts of the Face,bloom(batch),Sue Beattie,true-dup,batch
Wild Animals,d0606d1f-48c3-42b8-be9d-c80b883c4028,Mbange Ernest Bawe,1,Wild Animals,bloom,Yathin Krishnappa,false-positive,db
The Moon and the Cap,09f39e83-a1eb-4120-b964-2ca2aaf60a20,Angie and Upesh,1,The Moon and the Cap,gdl,,unknown(author-missing),db
One Two Three,f07c1f20-a201-430c-ab4f-ebb14782bd86,Little Zebra Books,1,One Two Three,bloom,Little Zebra Books,true-dup,db
A Beautiful Day,fcf975e5-cf38-4815-a358-3d1ed2351d21,Lindy Pelzl,1,A Beautiful Day,book_dash,"Raeesah Vawda, Lindy Pelzl, Elana Bregin",true-dup,db
Big Blue Bus,af354353-aa44-4bb5-82f6-be597a84e4ed,Mango Tree,2,Big Blue Bus,african_storybook,Mecelin Kakoro,false-positive,db
We Are All Animals,24cf0eb3-8688-483e-a279-8c2a53f0e884,Santosh Pujari,2,We Are All Animals,gdl,,unknown(author-missing),db
The Moon and the Cap,26d970c4-62f3-4025-82c0-f62903961442,Angie and Upesh,2,The Moon and the Cap,gdl,,unknown(author-missing),db
Action Words,f275eaf6-2182-4a21-b0cf-33b0809ece42,Rodney Sidion,1,Action Words,bloom(batch),Rodney Sidion,true-dup,batch
What Is It?,a5bdffef-3183-4565-8bbb-26419fd4cbd6,Robyn Penn,2,What is it?,book_dash,"Kate Sidley, Robyn Penn, Ann Roberts",true-dup,db
"Vayu, the Wind",6e8794bf-49ea-4f34-8ace-5bff519bddcc,,2,"Vayu, the Wind",bloom(batch),,unknown(author-missing),batch
Wild Animals,8a55b0da-89fc-491f-8f5c-9a3cde7fc978,Susan Rose,1,Wild Animals,bloom,Yathin Krishnappa,false-positive,db
Jobs,21bed01f-a097-4d26-ba7d-44a48a800ad5,Michael Mape,2,Jobs,bloom(batch),Michael Mape,true-dup,batch
My Camping Adventure,562f0406-674f-4a2d-b32f-dbc9ce78faf8,sri,1,My Camping Adventure,bloom(batch),SIL,false-positive,batch
The Lord is My Shepherd,75fdf6a5-6ea0-4f86-9416-c6afb62ce05a,Marleen Visser,2,The Lord is My Shepherd,african_storybook,Little Zebra Books,false-positive,db
Action Words,be06cd4e-20fa-438b-8ad8-4b1e363b063e,Rodney Sidion,1,Action Words,bloom(batch),Rodney Sidion,true-dup,batch
Who is our friend?,86e2147e-5191-4f01-87f2-b5e84f36c1f6,Gerhard Van Wyk,2,Who is our friend?,book_dash,"Gerhard Van Wyk, Jade Mathieson, Lara de Groot",true-dup,db
I Feel,a68cd8d1-1b1b-4611-80a7-668c480b8355,Craig Aldred,1,I Feel,bloom,Craig Aldred,true-dup,db
Luwo’s House,495f6e13-3884-4a70-9e02-50918551e860,Jacob Matthess,2,Luwo's House,african_storybook,Little Zebra Books,false-positive,db
One Two Three,5a8fe42c-0513-439a-b44f-fb21979e3a9e,Little Zebra Books,1,One Two Three,bloom,Little Zebra Books,true-dup,db
Colours of Nature,05a3e747-32c5-414e-85a5-0d635197b418,Bulbul Sharma,2,Colours of nature,gdl,,unknown(author-missing),db
The Moon and the Cap,3baad0b8-28d2-44de-9e0a-792605a7b733,Angie and Upesh,2,The Moon and the Cap,gdl,,unknown(author-missing),db
Dangerous Objects,9b14e2db-cec6-46d1-8ec6-364eb03f5b52,International Illustrations; The Art of Reading 3.0,1,Dangerous Objects,bloom(batch),International Illustrations; The Art of Reading 3.0,true-dup,batch
میرا کوتا,940c9513-2fa5-471b-8f54-0f30596fd781,Cathy Marlett,1,میرا کوتا,bloom(batch),,unknown(author-missing),batch
I Am Not Afraid!,a06b2dee-1b4b-476c-b49c-92984d8763a5,Rayika Sen,2,I Am Not Afraid!,bloom(batch),Rayika Sen,true-dup,batch
Parts of the Body,5b6eca57-a5e9-48d2-995f-4ba447c52013,Sue Beattie,1,Parts of the Body,bloom,Sue Beattie,true-dup,db
One Two Three,8f7a5afb-5ffc-433a-8ba6-6f48c0536a83,Little Zebra Books,1,One Two Three,bloom,Little Zebra Books,true-dup,db
Little and big,c7a2862b-9477-4378-bd6b-2dbd19a1788a,Little and big,1,Little and big,bloom,Little and big,true-dup,db
Let's go,d25d9a3a-4a7e-4da2-98c3-bd5ded4b1e9c,Thembinkosi Kohli,2,Let's go,bloom,Thembinkosi Kohli,true-dup,db
A House for Mouse,131c8bbe-5473-478b-bd42-96642a44545b,Amy Uzzell and Jennifer Jacobs,2,A House for Mouse,book_dash,"Michele Fry, Amy Uzzell, Jennifer Jacobs",false-positive,db
The Mango Tree,9eefaf48-4784-469a-8a95-52522c0da0b7,Kavya Singh,2,The Mango Tree,bloom(batch),Kavya Singh,true-dup,batch
Jobs,c4ed0e16-6d70-4c6f-9918-236421926bae,Michael Mape,2,Jobs,bloom(batch),Michael Mape,true-dup,batch
The Moon and the Cap,314b2bd9-4328-407b-8383-452e32a807eb,Angie and Upesh,2,The Moon and the Cap,gdl,,unknown(author-missing),db
Smile Please!,529f579a-a2e5-4c8a-b85b-3730ec6817a4,Ajit Narayan,2,Smile Please!,bloom(batch),Ajit Narayan,true-dup,batch
Count to Ten,808e1a8c-3d02-41fe-8b06-f2b370e05ddb,Cathy Marlett,1,Count to Ten,bloom,,unknown(author-missing),db
The Moon and the Cap,99af5c60-365d-4ab1-a965-05b7464392da,Angie and Upesh,1,The Moon and the Cap,gdl,,unknown(author-missing),db
Who is our friend?,85aa76c3-bc3f-49dd-9a85-ac8bcb2b27f2,Gerhard Van Wyk,2,Who is our friend?,book_dash,"Gerhard Van Wyk, Jade Mathieson, Lara de Groot",true-dup,db
Jobs,c76ac14c-0426-4204-b23c-4dda76b73e72,Michael Mape,2,Jobs,bloom(batch),Michael Mape,true-dup,batch
What type of teeth?,2028dc08-4778-41c0-b41f-34562a9a27eb,,1,What type of teeth?,bloom,,unknown(author-missing),db
Sweet and Sour (Tell me now series),7b6bce8f-949d-48c6-af6b-17c1579b801c,Rijuta Ghate,2,Sweet and Sour (Tell me now series),bloom(batch),Rijuta Ghate,true-dup,batch
Little and Big,a96479d0-5e57-48ab-bd87-9768bab9deb3,Little and big,1,Little and big,bloom,Little and big,true-dup,db
My Best Friend,cabf797f-22e4-4e8f-8ca7-4bcaeb26433d,Suvidha Mistry,2,My best friend,gdl,,unknown(author-missing),db
Parts of the Body,4a8c4b88-19df-4c6e-8bf8-9f4f1e4955f1,Sue Beattie,1,Parts of the Body,bloom,Sue Beattie,true-dup,db
"Uwa, the Farmer",5ff84175-4f3f-4530-8f51-335fe0618e1b,Paul Kitum Kaino,2,"Uwa, the Farmer",bloom(batch),Paul Kitum Kaino,true-dup,batch
The Moon and the Cap,b80cb6fd-6f3c-4e09-9617-5c38031bf94d,Angie and Upesh,2,The Moon and the Cap,gdl,,unknown(author-missing),db
Friends,8d77b627-6793-4d0e-9c43-c34f8b3b5bfe,Catherine Groenewald,2,Friends,bloom(batch),Catherine Groenewald,true-dup,batch
Remo's Shoes,7cf8742c-9cdb-4e6a-bb20-358cb928762c,Éidín Griffin,1,Remo's Shoes,bloom(batch),Éidín Griffin,true-dup,batch
Little Painters,0c05911e-e068-4d1e-b65b-fb8d909cc653,Tanvi Choudhury,2,Little Painters,bloom(batch),Tanvi Choudhury,true-dup,batch
One Two Three,6c8aa546-ad99-440f-a3ed-870532d9debe,Little Zebra Books,1,One Two Three,bloom,Little Zebra Books,true-dup,db
One Two Three,fa5f1873-fccd-43e0-b590-5166169686a0,Little Zebra Books,1,One Two Three,bloom,Little Zebra Books,true-dup,db
One Two Three,222937e9-2351-4bbb-adbf-8220e94ea52a,Little Zebra Books,1,One Two Three,bloom,Little Zebra Books,true-dup,db
Иллюcтрации Вуси Малинди автор Нина Оранже адаптация Карлыгач Байгазиевой,fd753d3c-742d-4807-904e-06fc8a184296,Vusi Malindi,2,Иллюcтрации Вуси Малинди автор Нина Оранже адаптация Карлыгач Байгазиевой,bloom(batch),Vusi Malindi,true-dup,batch
My red ball,783e61c8-6ed8-432d-bd2d-ef68be613422,Eliza Atagulova,1,My red ball,bloom(batch),Eliza Atagulova,true-dup,batch
Иллюcтрации Вуси Малинди автор Нина Оранже адаптация Карлыгач Байгазиевой,51b61b5d-f113-4eef-8ffc-b17c7e3908f1,Vusi Malindi,2,Иллюcтрации Вуси Малинди автор Нина Оранже адаптация Карлыгач Байгазиевой,bloom(batch),Vusi Malindi,true-dup,batch
One Two Three,c7ef1d98-6a9a-4ee3-a73e-b40ddc4f7cc3,Little Zebra Books,1,One Two Three,bloom,Little Zebra Books,true-dup,db
One Two Three,41f0569f-44d1-4847-8353-78853a1953cb,Little Zebra Books,1,One Two Three,bloom,Little Zebra Books,true-dup,db
Life in my village,6e537e82-d6f6-41be-b9a3-5149ec7c89eb,,2,Life In my Village,african_storybook,Sylvia Komen,unknown(author-missing),db
The Moon and the Cap,f5d31ba4-cbe2-44fb-adca-e534da67dbf8,Angie and Upesh,2,The Moon and the Cap,gdl,,unknown(author-missing),db
One Two Three,50ba59d5-8af2-48ae-a5dc-08ab59848240,Little Zebra Books,1,One Two Three,bloom,Little Zebra Books,true-dup,db
Wild animals,a5e0dcb0-7154-496d-9745-60e083739ace,Susan Rose,1,Wild Animals,bloom,Yathin Krishnappa,false-positive,db
One Two Three,e5e09ade-c498-483d-9019-75f6678130c1,Little Zebra Books,1,One Two Three,bloom,Little Zebra Books,true-dup,db
My Best Friend,3ac667a9-83cc-4edc-b65e-86e4ae69df60,Suvidha Mistry,2,My best friend,gdl,,unknown(author-missing),db
Whose shoe is this?,95eb25b4-4232-4b55-9151-312531766622,Alicia van Zyl,2,Whose shoe is this?,book_dash,Siphiliselwe Makhanya,false-positive,db
Domestic animals,8c3056de-1d9f-4cc0-8f0f-5f3766348e30,Sandy Campbell,1,Domestic animals,bloom(batch),Sandy Campbell,true-dup,batch
Disability is not inability,f2905c79-d923-4b89-b514-ed45ecc6ad72,Wiehan de Jager,2,Disability is not inability,bloom(batch),Wiehan de Jager,true-dup,batch
Jesus Feeds the Multitude,2240cba2-4e68-4b0a-b588-c152d5a3f1f2,Gavin Thomson,1,Jesus Feeds the Multitude,bloom(batch),Gavin Thomson,true-dup,batch
Look in the sky. What do you see?,d0739b47-8b98-462b-944d-e02a801e1489,Craig Aldred,1,Look in the sky. What do you see?,bloom(batch),Craig Aldred,true-dup,batch
Maria's Family,025ddaf3-a892-4a33-9925-f3f660a1a25d,Magriet Brink & Leo Daly,1,Maria's Family,bloom,Magriet Brink & Leo Daly,true-dup,db
One Two Three,3e8de7ba-e645-4400-9a69-0ef40d70248f,Little Zebra Books,1,One Two Three,bloom,Little Zebra Books,true-dup,db
Rabbit Goes to a Party,e2d15511-a7cd-4ada-990d-7a70b8f00343,Mozambican Writers,2,Rabbit Goes To A Party,african_storybook,Mozambican folktale,false-positive,db
Domestic animals,d73f6041-8684-4bdd-93f6-bf3a44244c49,Sandy Campbell,1,Domestic animals,bloom(batch),Sandy Campbell,true-dup,batch
Back to School,2a26f785-6c35-4caa-adca-d77a3a512017,SIL-PNG Education for Life,1,Back to School,bloom,various,false-positive,db
Friends,37029e41-95dc-44a2-9694-c3732e3c441c,Catherine Groenewald,2,Friends,bloom(batch),Catherine Groenewald,true-dup,batch
Teeth,a2096671-185d-4e86-95de-72391abd2416,Rob Owen,2,Teeth,bloom(batch),Rob Owen,true-dup,batch
Dangerous Objects,fcb555e1-55c4-49e7-84ea-0ea0a3462885,International Illustrations; The Art of Reading 3.0,1,Dangerous Objects,bloom(batch),International Illustrations; The Art of Reading 3.0,true-dup,batch
The Moon and the Cap,bcb307e6-5ad9-4238-9ee2-5a435b3dde9a,Angie and Upesh,2,The Moon and the Cap,gdl,,unknown(author-missing),db
"Goat, Dog and Cow",184cd5ca-10ec-4d8f-a19d-ddcb804f4f98,Marleen Visser,2,"Goat, Dog and Cow",bloom(batch),Marleen Visser,true-dup,batch
Action Words,d4c3a825-f709-4932-9ff4-564fc5a6515c,Rodney Sidion,1,Action Words,bloom(batch),Rodney Sidion,true-dup,batch
Rain,232b4859-e9d8-497b-90bd-d4d6d1d8e038,Marleen Visser,2,Rain,gdl,,unknown(author-missing),db
My red ball,8ac152bf-2a24-46a5-ba1c-1c2bd254f26d,Marion Drew,2,My red ball,bloom(batch),Eliza Atagulova,false-positive,batch
One Two Three,98f13199-85af-4b4a-baba-1347018fb371,Little Zebra Books,1,One Two Three,bloom,Little Zebra Books,true-dup,db
My Two Dogs,47422eea-ffbe-4e98-a2d0-4580296167a0,,2,My Two Dogs,bloom(batch),,unknown(author-missing),batch
Farm Animals,45171d0f-49bb-4196-a2a9-08359c94dc02,Marleen Visser,1,Farm Animals,bloom,Marleen Visser,true-dup,db
Lost and Found,88caa1eb-6ff5-41bc-9bb6-c9ea543f850a,Sukhada Rahalkar,2,Lost and Found,bloom(batch),Sukhada Rahalkar,true-dup,batch
My Mother,f82a112a-bec9-4813-8fdb-187fb4633f7f,,1,My Mother,bloom(batch),,unknown(author-missing),batch
Big Blue Bus,599e7c36-e865-4708-aa29-cbb943080df3,Mango Tree,2,Big Blue Bus,african_storybook,Mecelin Kakoro,false-positive,db
Have You Seen These Birds?,4549a5c4-64e7-4dcf-bc28-4c81ad8b164a,Muniza Shariq,2,Have You Seen These Birds?,bloom(batch),Muniza Shariq,true-dup,batch
"Come Back, Cat!",74f9b2b6-bf5f-4257-b465-119bbced7fe2,Karen Lilje,2,"Come Back, Cat!",book_dash,"Nicola Rijsdijk, Karen Lilje, Sam Scarborough",true-dup,db
Colours of Nature,ade8e83d-9b2a-4bd5-8404-e0a4385a9113,Bulbul Sharma,2,Colours of nature,gdl,,unknown(author-missing),db
The Moon and the Cap,15e4ebdf-a652-4f72-85a7-d903c311b507,Angie and Upesh,2,The Moon and the Cap,gdl,,unknown(author-missing),db
The Lord is My Shepherd,35b7c8fe-cfa3-4724-b797-42be3043ef0a,Marleen Visser,2,The Lord is My Shepherd,african_storybook,Little Zebra Books,false-positive,db
The Moon and the Cap,1e787bf6-1910-4ec1-8ebd-085a5dbe3a9d,Angie and Upesh,2,The Moon and the Cap,gdl,,unknown(author-missing),db
My red ball,450c2423-9fbd-438e-924b-ee7f7146774b,Eliza Atagulova,2,My red ball,bloom(batch),Eliza Atagulova,true-dup,batch
Healthy Body,b3a03f0e-8500-49c1-ba32-fcbae3bfb469,,2,Healthy Body,bloom(batch),,unknown(author-missing),batch
Opposites and Differences 1,a6af0e9c-9c17-437c-beb8-5bc892f1b4f0,various,1,Opposites and Differences 1,bloom(batch),SIL-PNG Education for Life,false-positive,batch
I Am Not Afraid!,261b8c66-c13c-4690-97d5-cd33328a1435,Rayika Sen,2,I Am Not Afraid!,bloom(batch),Rayika Sen,true-dup,batch
Many Bananas,2b8f144e-5eca-414a-a085-7a26bbf85108,Angie & Upesh,2,Many Bananas,bloom(batch),Angie & Upesh,true-dup,batch
What Does Anu See?,20324220-f7c5-44b0-9c92-bf05a12bf416,Lavanya Karthik,2,What Does Anu See?,bloom(batch),Lavanya Karthik,true-dup,batch
Count to Ten,d847a298-7727-48b7-8823-aa8e83d093ab,Cathy Marlett,1,Count to Ten,bloom,,unknown(author-missing),db
One Two Three,61865c80-3a15-47bc-a24a-9e034a159350,Little Zebra Books,1,One Two Three,bloom,Little Zebra Books,true-dup,db
What's happening?,123950ad-a701-450f-9fea-d5d5aff4cbca,,1,What's happening?,bloom(batch),,unknown(author-missing),batch
Animals,f2e8fde5-b8b1-4f4f-b327-6ceea9e07ded,Marleen Visser,1,Animals,bloom(batch),pixabay.com,false-positive,batch
Our Father,16d97cec-4987-496a-b768-a1c1114a28ee,Marleen Visser,2,Our Father,bloom(batch),Marleen Visser,true-dup,batch
One Two Three,9e2ab2fc-02bc-4513-9b7d-834664c16ba4,Little Zebra Books,1,One Two Three,bloom,Little Zebra Books,true-dup,db
What Is It?,9ce63e9b-ca52-4710-a124-1a7fa8e52a0c,Robyn Penn,2,What is it?,book_dash,"Kate Sidley, Robyn Penn, Ann Roberts",true-dup,db
They Can Do Many Things,7091c753-1f2c-4db0-95e4-1605fd3f67d3,Wiehan de Jager,2,They Can Do Many Things,bloom(batch),Wiehan de Jager,true-dup,batch
Little and Big,12a5edac-f7b9-429f-865f-b83943cd7664,Vian Oelofsen,1,Little and big,bloom,Little and big,false-positive,db
One Two Three,349556d5-1245-4243-9c4b-feee865e581e,Little Zebra Books,1,One Two Three,bloom,Little Zebra Books,true-dup,db
Everyone is Different,4c3ddfc5-634d-4c60-8ddb-2fea357bed48,N.D. Mazin,1,Everyone is Different,bloom(batch),N.D. Mazin,true-dup,batch
The Moon and the Cap,9c57dfe2-5227-4356-a0c0-06e4bdaebc0c,Angie and Upesh,2,The Moon and the Cap,gdl,,unknown(author-missing),db
The Moon and the Cap,b6bc8a28-e200-489e-9c85-f3ee0defd81f,Angie and Upesh,2,The Moon and the Cap,gdl,,unknown(author-missing),db
I like to read,3ce094fc-e319-46a5-857c-ae65868325e8,Wiehan de Jager,2,I like to read,bloom(batch),Wiehan de Jager,true-dup,batch
A Very Tall Man,0256c58e-d8fb-4072-9044-c7388d1e9d06,Catherine Groenewald,2,A Very Tall Man,bloom(batch),Catherine Groenewald,true-dup,batch
Little and big,868e41cd-dd67-41b2-8c25-e693a136caf9,Little and big,1,Little and big,bloom,Little and big,true-dup,db
Back to School,d0236b33-d2ea-4b99-9909-980bd083cd48,SIL-PNG Education for Life,1,Back to School,bloom,various,false-positive,db
Too Big! Too Small!,414352fb-3a98-4de1-b650-7eb30a894434,Lavanya Karthik,2,Too Big! Too Small!,bloom(batch),Lavanya Karthik,true-dup,batch
Basketball,82440ebf-f79f-47e2-8ad2-ae02785dcb8d,Dan Elkins,2,Basketball,bloom(batch),Dan Elkins,true-dup,batch
Let's Count Birds,1a0e1f3d-68dd-4ba7-b981-664c320f9cc8,Cuax,2,Let's Count Birds,bloom(batch),Pixabay,false-positive,batch
Rain,346e783a-1b5b-4191-8462-c1786a71ae4d,Marleen Visser,2,Rain,gdl,,unknown(author-missing),db
The Moon and the Cap,7d44eb16-86e8-4233-a7b3-95a4baab5c11,Angie and Upesh,2,The Moon and the Cap,gdl,,unknown(author-missing),db
Lizard and Her Friends,1eceef51-200d-471b-a7bd-7f3f95ae88c2,Louise Bass,1,Lizard and Her Friends,bloom(batch),Louise Bass,true-dup,batch
I Feel,2de995ec-40a2-4da4-8eca-421fab6c9d18,Craig Aldred,1,I Feel,bloom,Craig Aldred,true-dup,db
A Man Who Built a House,1908a99d-bb20-424c-b565-d8c41d194a00,"Rob Owen, Marleen Visser, Wiehan de Jager, Alex",2,A Man Who Built a House,bloom(batch),"Rob Owen, Marleen Visser, Wiehan de Jager, Alex",true-dup,batch
One Two Three,99d67e48-4d06-49fe-a1a9-3d28bc17a0ef,Little Zebra Books,1,One Two Three,bloom,Little Zebra Books,true-dup,db
Wild Animals,9cb5f25e-c284-4f45-aac5-7bdc3610b7fd,Marleen Visser,1,Wild Animals,bloom,Yathin Krishnappa,false-positive,db
Fishing in My Village,c558cad8-e6ff-4ee1-9c7f-09713172ee1d,Nivong Sengsakoun,2,Fishing in My Village,bloom(batch),Nivong Sengsakoun,true-dup,batch
What's happening?,23e8a69a-08ea-4406-aa1c-a2f3ddf4bb2c,,1,What's happening?,bloom(batch),,unknown(author-missing),batch
Arrogant Bird Learned Lesson,6a1369b1-68cc-4dba-91de-6e9b2860258c,Tessa Welch,2,Arrogant Bird Learned Lesson,bloom(batch),Tessa Welch,true-dup,batch
I will help you,f924c74e-dc40-402d-b65f-8a5c9bdaf613,Olivia Villet,2,I Will Help You,book_dash,"Fathima Kathrada, Olivia Villet, Andrea Abbott",true-dup,db
School Clothes,f05d52ec-c83b-4ada-a126-76f00cf12d92,Mlungisi Dlamini,1,School Clothes,bloom(batch),Mlungisi Dlamini,true-dup,batch
Tom Keeps Animals,d6f6becd-43fa-44ec-9177-209e30e325b4,Sandy Campbell adapted by Elizabeth Carlson 2018,1,Tom Keeps Animals,bloom(batch),Sandy Campbell adapted by Elizabeth Carlson 2018,true-dup,batch
Let's Eat!,9144df16-e78b-4927-806f-eed8f7f00d8a,Sue Beattie,1,Let's Eat!,bloom(batch),Sue Beattie,true-dup,batch
Parts of the Face,85c81243-9b49-4d6e-b4bc-58413871dcf7,Sue Beattie,1,Parts of the Face,bloom(batch),Sue Beattie,true-dup,batch
One Two Three,7e1ff7ef-e355-40a9-b3fa-684f5464e9b8,Little Zebra Books,1,One Two Three,bloom,Little Zebra Books,true-dup,db
ДЕТИ ЖИВОТНЫХ,3664dc25-ea40-4e39-962d-ba4d8e80822b,Freepik Company S.L.,2,ДЕТИ ЖИВОТНЫХ,bloom(batch),,unknown(author-missing),batch
I Can Make Things!,46c6234a-69c8-458a-bd1a-336282ff6eb2,Tanvee Nabar,2,I Can Make Things!,bloom(batch),Tanvee Nabar,true-dup,batch
Where is my Dolly?,5c573665-9309-4b9d-82f4-680b8221575f,Melany Pietersen,2,Where is my Dolly?,bloom(batch),Melany Pietersen,true-dup,batch
Colours,ab1aea58-e2e4-443b-80a1-bddff931eb33,Rijuta Ghate,2,Colours,gdl,StoryWeaver,false-positive,db
Little and big,6627be18-1142-4e1c-8da9-8a32d835d584,Little and big,1,Little and big,bloom,Little and big,true-dup,db
I Feel,2941bad3-e113-4e51-9ea8-3051305199ed,Craig Aldred,1,I Feel,bloom,Craig Aldred,true-dup,db
Wild Animals,7e58fbe6-d79c-40f1-824f-ac84af0d102a,Susan Rose,1,Wild Animals,bloom,Yathin Krishnappa,false-positive,db
This and That,6c784ea2-cfa2-4246-b1a3-c78401dc3a37,Ruchi Shah,2,This and That,gdl,,unknown(author-missing),db
Wild Animals,d15ddcd8-5473-4e35-9e5f-e60ff2a3c7e0,Mbange Ernest Bawe,1,Wild Animals,bloom,Yathin Krishnappa,false-positive,db
Fox and Rooster,d88e8285-fe17-4bb5-9910-9303834521ba,Wiehan de Jager,2,Fox and Rooster,african_storybook,Vincent Afeku,false-positive,db
Иллюcтрации Вуси Малинди автор Нина Оранже адаптация Карлыгач Байгазиевой,73cec176-85a0-4fb5-8ba3-51932072079d,Vusi Malindi,2,Иллюcтрации Вуси Малинди автор Нина Оранже адаптация Карлыгач Байгазиевой,bloom(batch),Vusi Malindi,true-dup,batch
My Camping Adventure,9c6e3856-5012-43b2-9118-d3dc66441bb8,sri,1,My Camping Adventure,bloom(batch),SIL,false-positive,batch
Little and big,fdd12843-d68e-4828-ab9c-aa8df09317ce,Little and big,1,Little and big,bloom,Little and big,true-dup,db
"Meet More Family. Phase 1, Unit 5, Game 5B Mvskoke Growing Bilingual Community",1869f651-62cd-41b0-a400-af4b496ec154,Aimee Harjoe and Canva artists,1,"Meet More Family. Phase 1, Unit 5, Game 5B Mvskoke Growing Bilingual Community",bloom(batch),Aimee Harjoe and Canva artists,true-dup,batch
How to Tame a Monster,b8e3cf23-3204-4f26-b359-8783f1104f70,Anja Venter,2,How to Tame a Monster,book_dash,Sam Beckbessinger,false-positive,db
No Pigs Allowed,9dace09b-04f4-4a5a-9787-c25544ab4046,Laura Liberatore,2,No Pigs Allowed,gdl,African Storybook,false-positive,db
One Two Three,11e7ba53-1197-422b-92f9-68d12718aff4,Little Zebra Books,1,One Two Three,bloom,Little Zebra Books,true-dup,db
Parts of the Body,69aaae6e-b86b-4358-aaa8-82dac2ce44d8,Sue Beattie,1,Parts of the Body,bloom,Sue Beattie,true-dup,db
The Moon and the Hat,d54dda76-0d96-413d-be53-9a6553c92d92,Angie and Upesh,2,The Moon and the Hat,bloom,Angie and Upesh,true-dup,db
What is this I hear?,f4786732-a69c-496c-94bb-7acf7e9a0505,Zainab Tambawalla,2,What is this I hear?,bloom(batch),Zainab Tambawalla,true-dup,batch
What Are They Doing?,4b91c1f1-b128-4194-b44c-942fecfd078d,N.D. Mazin,2,What Are They Doing?,bloom(batch),N.D. Mazin,true-dup,batch
Agama Lizard,00989db5-19bb-4015-8da2-056eefd08cc1,Gordon Martin,2,AGAMA LIZARD,bloom(batch),Gordon Martin,true-dup,batch
Our Father,4bee032a-e58e-4b68-87d9-ca46e2ac11b5,Marleen Visser,2,Our Father,bloom(batch),Marleen Visser,true-dup,batch
Rabbit Goes to a Party,6938910a-6d85-4074-933b-de8bf18f73ed,Mozambican Writers,2,Rabbit Goes To A Party,african_storybook,Mozambican folktale,false-positive,db
Maria's Family,fb4cfb0c-53bb-4023-a7ab-d2c91feef5c8,Magriet Brink & Leo Daly,1,Maria's Family,bloom,Magriet Brink & Leo Daly,true-dup,db
Farm Animals,c6dc0c70-e17a-4c5c-afc1-fd462887646e,Marleen Visser,1,Farm Animals,bloom,Marleen Visser,true-dup,db
Parts of the face,04749b91-1129-4e56-b33a-415b37f1c00e,Sue Beattie,1,Parts of the Face,bloom(batch),Sue Beattie,true-dup,batch
Little Painters,0316c9d8-4a90-4160-95d5-6e1cfe5a7def,Tanvi Choudhury,2,Little Painters,bloom(batch),Tanvi Choudhury,true-dup,batch
A House for Mouse,5aebdc6a-64fe-431f-b5e4-faadc9ea0b04,Amy Uzzell and Jennifer Jacobs,2,A House for Mouse,book_dash,"Michele Fry, Amy Uzzell, Jennifer Jacobs",false-positive,db
“The Three Birds”,33d026a3-be18-49ba-83cc-637afb4e44b4,,1,“The Three Birds”,bloom(batch),,unknown(author-missing),batch
My Family,cd801880-221e-4822-9d5e-64dce04de837,,2,My Family,african_storybook,Erick Bongoye Nyachieo,unknown(author-missing),db
Look in the sky. What do you see?,abf5a286-4f02-49a4-90a1-ba7035ff76a5,Craig Aldred,1,Look in the sky. What do you see?,bloom(batch),Craig Aldred,true-dup,batch
One,2219be65-95d0-42bc-8a94-28d0ddf2572f,Raimond Spekking,1,One,bloom,Raimond Spekking,true-dup,db
My Best Friend,8c68095b-f7a6-481a-9fcc-def12724d676,,2,My best friend,gdl,,unknown(author-missing),db
The Moon and the Cap,bc95c260-896f-4c22-8b2e-58c28555d252,Angie and Upesh,2,The Moon and the Cap,gdl,,unknown(author-missing),db
A House for Mouse,5333eafd-9cb7-4779-9c0e-e2b13a5e523b,Amy Uzzell and Jennifer Jacobs,2,A House for Mouse,book_dash,"Michele Fry, Amy Uzzell, Jennifer Jacobs",false-positive,db
The Three Little Kittens,41c063a8-e8df-46de-b9c6-f236d4747f82,Youm Kosal,2,The Three Little Kittens,bloom,Youm Kosal,true-dup,db
Баардыгына мышык күнөөлү!,958f999c-1cba-40bc-b115-c1438a415eef,Priya Kuriyan,2,Баардыгына мышык күнөөлү!,bloom(batch),,unknown(author-missing),batch
The Lord is My Shepherd,def898a3-141b-4d2a-a98e-5cbaeb15be67,Marleen Visser,2,The Lord is My Shepherd,african_storybook,Little Zebra Books,false-positive,db
Parts of the Body,402e646c-4b12-4808-9333-95f92d809f2d,Sue Beattie,1,Parts of the Body,bloom,Sue Beattie,true-dup,db
Animals,6530995e-420a-4456-8afe-6a87b658fee1,pixabay.com,1,Animals,bloom(batch),pixabay.com,true-dup,batch
Maria's Family,ad9df55f-3e7d-4e3a-8407-b8fae4874afb,Magriet Brink & Leo Daly,1,Maria's Family,bloom,Magriet Brink & Leo Daly,true-dup,db
"Metung, Adwa, Atlu One Two Three",9fc92b5e-e313-4d44-874f-9e7761ec4c46,Little Zebra Books,1,"Metung, Adwa, Atlu One Two Three",bloom(batch),Little Zebra Books,true-dup,batch
Look in the sky. What do you see?,52a24ce4-f5a8-487c-9c8a-a91ec1922631,Craig Aldred,1,Look in the sky. What do you see?,bloom(batch),Craig Aldred,true-dup,batch
Friends,d0268336-a516-41d5-971a-2bc914836792,Catherine Groenewald,2,Friends,bloom(batch),Catherine Groenewald,true-dup,batch
Egg,cb739fc0-cd44-46bc-9de8-a30c4d322cee,Megan Vermaak,1,Egg,book_dash,Mirna Lawrence,false-positive,db
One Two Three,02b817a0-2e61-4371-88b0-134768a2771c,Little Zebra Books,1,One Two Three,bloom,Little Zebra Books,true-dup,db
Colours,86719656-00fb-416b-8482-793ccafe0364,Rijuta Ghate,1,Colours,gdl,StoryWeaver,false-positive,db
Opposites and Differences 2,51c8cc5e-c868-44e3-828b-8c55be77b989,SIL-PNG Education for Life,2,Opposites and Differences 2,bloom(batch),SIL-PNG Education for Life,true-dup,batch
Egg,c66f97d7-0c25-4cb5-b675-3e2aa13f7e3b,Megan Vermaak,1,Egg,book_dash,Mirna Lawrence,false-positive,db
My Camping Adventure,d85fb486-47f8-4b39-94cc-300336475aa3,sri,1,My Camping Adventure,bloom(batch),SIL,false-positive,batch
The Hungry Crocodile,032390c6-bc70-48bf-9dd2-2e6650ca6e5d,Wiehan de Jager,1,The Hungry Crocodile,bloom(batch),Wiehan de Jager,true-dup,batch
Tell me now! - 'Good For You',a9e1b055-2381-48b4-8810-682a70832b5d,Rijuta Ghate,1,Tell me now! - 'Good For You',bloom(batch),Rijuta Ghate,true-dup,batch
Parts of the Body,2eee612f-3880-4854-adbd-5a957d3a03eb,Sue Beattie,1,Parts of the Body,bloom,Sue Beattie,true-dup,db
Wild Cat! Wild Cat!,4a2049ca-557f-4704-b7d3-fce6fa119795,Rohan Chakravarty,2,Wild Cat! Wild Cat!,gdl,StoryWeaver,false-positive,db
Lost and Found,327363dc-80a5-495d-8665-c834fae10d83,Sukhada Rahalkar,2,Lost and Found,bloom(batch),Sukhada Rahalkar,true-dup,batch
One Two Three,0143021a-acfc-471e-9550-f55165f5b316,Little Zebra Books,1,One Two Three,bloom,Little Zebra Books,true-dup,db
The Moon and the Cap,f3677337-cdae-4dbd-99cf-e129178dbdee,Angie and Upesh,2,The Moon and the Cap,gdl,,unknown(author-missing),db
Our Father,dc5864c6-0f73-4db7-8d5d-2b05f863c31b,Marleen Visser,2,Our Father,bloom(batch),Marleen Visser,true-dup,batch
The Hungry Crocodile,086b3ac3-a2e7-49c0-a215-e3d2a5cb98df,Wiehan de Jager,2,The Hungry Crocodile,bloom(batch),Wiehan de Jager,true-dup,batch
Wild Animals,0c444a4d-e072-424f-80c7-46f16afb2fff,Marleen Visser,1,Wild Animals,bloom,Yathin Krishnappa,false-positive,db
Let’s Count Legs,29c0d9a7-440d-4249-8261-bb0e7da517ed,Meas SovannaraI,1,Let’s Count Legs,bloom(batch),Meas SovannaraI,true-dup,batch
"Come Back, Cat!",1b21c4ff-2396-49ca-8d49-24af11375a0c,Karen Lilje,2,"Come Back, Cat!",book_dash,"Nicola Rijsdijk, Karen Lilje, Sam Scarborough",true-dup,db
Wild Animals,56bd6de4-6045-403b-bd71-8b9d2f5ff557,Mbange Ernest Bawe,1,Wild Animals,bloom,Yathin Krishnappa,false-positive,db
Colours of a Rainbow,e7c220f5-2c4e-42b5-82b9-1305c7561c90,,2,Colours of a Rainbow,african_storybook,Caren Echesa,unknown(author-missing),db
Маленькая козочка,68ccc5ff-141b-4970-815b-8bad57a2a244,Nicola Anne Smith,2,Маленькая козочка,bloom(batch),,unknown(author-missing),batch
One Two Three,fc107a82-c499-4e16-8c3f-22fc4b65ebdb,Little Zebra Books,1,One Two Three,bloom,Little Zebra Books,true-dup,db
Delmbe mfagna biashara,983b3943-630c-41f2-9e15-bdc1064e9f64,Zablon Alex Nguku,2,Delmbe mfagna biashara,bloom(batch),Zablon Alex Nguku,true-dup,batch
Life in my village,b60c96ac-26d9-4189-b9e0-4301c0db5846,"Illustration: Wiehan de Jager, Emily Berg, Catherine Groenewald, Marleen Visser, Mango Tree, Salim Kasamba, Silva Afonso and Melanie Pietersen",2,Life In my Village,african_storybook,Sylvia Komen,false-positive,db
Jobs,730ff52f-c329-40ff-a3d9-504cd2b9f983,Michael Mape,1,Jobs,bloom(batch),Michael Mape,true-dup,batch
Little and big,1eb5d48e-4da4-4760-8a98-0bda94a5d9d6,Little and big,1,Little and big,bloom,Little and big,true-dup,db
Didi's knowledge,d9def63f-b15f-4552-b4aa-8f114415c126,Kaveri Gopalakrishnan,2,Didi's knowledge,bloom,Kaveri Gopalakrishnan,true-dup,db
Look in the sky. What do you see?,4bd16754-7e46-4412-b870-8b2b6d4f6267,Craig Aldred,1,Look in the sky. What do you see?,bloom(batch),Craig Aldred,true-dup,batch
"A Street, or a Zoo?",cd00e28b-dada-41a9-b56b-4012e855bdbd,Priya Kuriyan,2,"A Street, or a Zoo?",bloom,Priya Kuriyan,true-dup,db
Wild Cat! Wild Cat!,3c0d7564-4c97-4d80-8214-29c4af72d35e,Rohan Chakravarty,2,Wild Cat! Wild Cat!,gdl,StoryWeaver,false-positive,db
Where Is It?,5af347bd-1885-4a46-a3d2-31e895afbb73,Magriet Brink & Leo Daly,1,Where Is It?,bloom,Magriet Brink & Leo Daly,true-dup,db
Tell the Story!,12f4e4ab-da8d-495e-98a9-138c0f93fab8,Gavin Thomson,2,Tell the Story!,bloom(batch),Gavin Thomson,true-dup,batch
"Don't Cry, My Child",836ee49d-8cf2-4c9e-9574-f03169329ccc,Wiehan de Jager,2,"Don't Cry, My Child",bloom(batch),Wiehan de Jager,true-dup,batch
Parts of the Face,749fbe25-6e36-478f-ae1d-84e8e7793598,Sue Beattie,1,Parts of the Face,bloom(batch),Sue Beattie,true-dup,batch
Friends,30ba61f0-8bce-4603-99ef-acddda4975bd,Catherine Groenewald,1,Friends,bloom(batch),Catherine Groenewald,true-dup,batch
My Best Friend,518623fc-2bf1-4d68-8b76-33e0a7c8f421,Suvidha Mistry,2,My best friend,gdl,,unknown(author-missing),db
Opposites and Differences 1,c6af49a2-a435-4c24-9cb6-f9f9140b2830,SIL-PNG Education for Life,1,Opposites and Differences 1,bloom(batch),SIL-PNG Education for Life,true-dup,batch
The Mother,49e6ca36-068f-4473-9a11-4123bea49f5b,,2,The Mother,bloom(batch),,unknown(author-missing),batch
Wild Animals,94a83f12-4ef6-47e5-a8e4-a048e75683a9,Mbange Ernest Bawe,1,Wild Animals,bloom,Yathin Krishnappa,false-positive,db
My Car,e3f6aba8-57ce-4cb6-8b7e-ef906087b4e6,Phidi Pulu,2,My Car,bloom(batch),Phidi Pulu,true-dup,batch
Opposites and Differences 1,cf0a3bed-77c4-4b93-9ef1-bf8f8854eb05,various,1,Opposites and Differences 1,bloom(batch),SIL-PNG Education for Life,false-positive,batch
Happy and Sad,b01521d4-d283-46be-8ebc-91eb93147d16,Saurabh Pandey,2,Happy and Sad,african_storybook,Ursula Nafula,false-positive,db
The hungry caterpillar,b827a913-e24e-42c2-a86e-8b9a0f440c0b,,2,The hungry caterpillar,bloom(batch),,unknown(author-missing),batch
"Goat, Dog and Cow",15f8030c-f8ae-4bd4-bbd9-d0cc808b65e7,Marleen Visser,2,"Goat, Dog and Cow",bloom(batch),Marleen Visser,true-dup,batch
Nakehi and the Beans,51dd9471-703d-4204-a4ec-10d048bfe60d,N.D Mazin,2,Nakehi and the Beans,african_storybook,Little Zebra Books,false-positive,db
Look in the sky. What do you see?,076186b1-24a2-4fb5-9b49-dc147451e243,Craig Aldred,1,Look in the sky. What do you see?,bloom(batch),Craig Aldred,true-dup,batch
Noakawir and the Beans,4999a423-4f43-4747-8ffc-2f41f5427930,Andy Mason,2,Noakawir and the Beans,bloom,Andy Mason,true-dup,db
A Very Tall Man,95146c15-bb55-4e24-9a4b-2614e05730ef,Catherine Groenewald,2,A Very Tall Man,bloom(batch),Catherine Groenewald,true-dup,batch
Dog's Day,7e5a8e9d-28bd-4081-8509-fd081829eeff,Amazon.com,1,Dog's Day,gdl,,unknown(author-missing),db
No Pigs Allowed,5c9db347-5a61-4296-8e1b-eab361449593,Laura Liberatore,2,No Pigs Allowed,gdl,African Storybook,false-positive,db
Let's Count Birds,823230dd-920e-44eb-92b0-d59ea478031a,Pixabay,1,Let's Count Birds,bloom(batch),Pixabay,true-dup,batch
Maria’s Family,de11f583-2625-429f-a95d-5652e2a2d619,Magriet Brink & Leo Daly,1,Maria's Family,bloom,Magriet Brink & Leo Daly,true-dup,db
Sweet and Sour (Tell me now series),6e71df77-861c-43a0-b671-a5c42ee30351,Rijuta Ghate,1,Sweet and Sour (Tell me now series),bloom(batch),Rijuta Ghate,true-dup,batch
I Like to Draw,8acd817f-0252-47c6-9705-d8dc1ff7a9d0,Silva Alfonso,2,I Like to Draw,bloom(batch),Silva Alfonso,true-dup,batch
Farm Animals,db12c94f-fb1e-4aae-8f96-2382f4806e24,Marleen Visser,1,Farm Animals,bloom,Marleen Visser,true-dup,db
Decodable Reader,41322da3-73d0-4431-8725-7db16ae27a84,,1,Decodable Reader,bloom(batch),,unknown(author-missing),batch
Tell me now! - 'Good For You',34015c04-2cf7-467f-ba2a-057d78df0758,Rijuta Ghate,2,Tell me now! - 'Good For You',bloom(batch),Rijuta Ghate,true-dup,batch
Rain,80850f42-0f82-49db-b834-d3e6fe8caed2,Marleen Visser,1,Rain,gdl,,unknown(author-missing),db
Parts of the Body,e42812f0-90a9-47b7-bd18-0189992dc3de,Sue Beattie,1,Parts of the Body,bloom,Sue Beattie,true-dup,db
How to Tame a Monster,dfae41f7-a66c-4e95-87b7-884c7e968360,Anja Venter,2,How to Tame a Monster,book_dash,Sam Beckbessinger,false-positive,db
Parts of the Face,65c673da-edd6-4e8e-a758-6657db604ff1,Sue Beattie,1,Parts of the Face,bloom(batch),Sue Beattie,true-dup,batch
Anak Itik dan Ikan Sapat,e998d8b2-66e2-4950-9ab4-46a6e92be07a,canva,2,Anak Itik dan Ikan Sapat,bloom,canva,true-dup,db
Parts of the Face,2cf4db1c-fd57-4231-84ee-f747221e7ef6,Sue Beattie,1,Parts of the Face,bloom(batch),Sue Beattie,true-dup,batch
One Two Three,e7e4fde4-51a9-4206-9bdf-f41f14beef7d,Little Zebra Books,1,One Two Three,bloom,Little Zebra Books,true-dup,db
The Lord is My Shepherd,06bbe6e1-a57b-442e-bbb8-2f196bedbe4b,Marleen Visser,1,The Lord is My Shepherd,african_storybook,Little Zebra Books,false-positive,db
I Can Do,16adeb6e-9fe9-4bc5-8205-8b705c0f6d4d,SIL-PNG Education for Life,1,I Can Do,bloom(batch),Gweni Hetzel,false-positive,batch
Parts of the Face,31029bfb-595f-4b2e-8959-ab661c19cf59,Sue Beattie,1,Parts of the Face,bloom(batch),Sue Beattie,true-dup,batch
All about Opposites!,41be4076-b0e1-4cab-81b6-de7a26252e9f,Rijuta Ghate,1,All about opposites!,bloom(batch),Priya Kuriyan,false-positive,batch
Count to Ten,3863f861-cebc-4dc6-bce3-932bd2d3a105,,2,Count to Ten,bloom,,unknown(author-missing),db
"Hold and Touch Phase 1, Unit 3, Game 6 Mvskoke Growing Bilingual Community",52015370-16b7-4e6f-829d-06a0588b5798,Aimee Harjoe and Canva Artists,1,"Hold and Touch Phase 1, Unit 3, Game 6 Mvskoke Growing Bilingual Community",bloom(batch),Aimee Harjoe and Canva Artists,true-dup,batch
The Moon and the Cap,f44da848-3e68-405f-be87-72006a0bf2c5,Angie and Upesh,2,The Moon and the Cap,gdl,,unknown(author-missing),db
Baby Goats,d248a24b-436a-4deb-94ae-d7bf34e4eb67,,2,Baby Goats,bloom(batch),,unknown(author-missing),batch
Bunty and Bubbly,af8da967-c9d1-4311-938b-4a20b8df5403,Sorit Gupto,2,Bunty and Bubbly,gdl,,unknown(author-missing),db
Domestic animals,7c2e9b0e-6e84-438c-80bb-d1d1eb6a3627,Sandy Campbell,2,Domestic animals,bloom(batch),Sandy Campbell,true-dup,batch
Sweet and Sour (Tell me now series),259d006c-4797-4820-a31c-904947669748,Rijuta Ghate,1,Sweet and Sour (Tell me now series),bloom(batch),Rijuta Ghate,true-dup,batch
Rain,ce82b117-65e3-4f84-8689-bc7aedde76dd,Marleen Visser,2,Rain,gdl,,unknown(author-missing),db
Our Father,aab3c0c3-bf14-42fd-b110-64a9823795c9,Marleen Visser,2,Our Father,bloom(batch),Marleen Visser,true-dup,batch
A Very Tall Man,1b84e4f0-25d9-443e-b7b5-2bc314006c87,Catherine Groenewald,2,A Very Tall Man,bloom(batch),Catherine Groenewald,true-dup,batch
The Mango Tree,61ae0e09-c7df-4d59-91a3-c11d5380e138,Kavya Singh,2,The Mango Tree,bloom(batch),Kavya Singh,true-dup,batch
Иллюcтрации Вуси Малинди автор Нина Оранже адаптация Карлыгач Байгазиевой,1bc73836-a184-44f7-98bf-c915cda40215,Vusi Malindi,2,Иллюcтрации Вуси Малинди автор Нина Оранже адаптация Карлыгач Байгазиевой,bloom(batch),Vusi Malindi,true-dup,batch
Dangerous Objects,b9c1e2e4-fe1d-4ce7-87e1-8b0bcef12fee,International Illustrations; The Art of Reading 3.0,1,Dangerous Objects,bloom(batch),International Illustrations; The Art of Reading 3.0,true-dup,batch
Where is my bat?,9252c020-e52b-4c9f-8a54-ca20c06e779f,Rijuta Ghate,2,Where is my bat?,bloom(batch),Rijuta Ghate,true-dup,batch
One Two Three,3f75708b-e505-4c46-b6cb-e3fe75e1e81f,Little Zebra Books,1,One Two Three,bloom,Little Zebra Books,true-dup,db
Counting,1db1eb35-5599-413d-9ab4-238cbbf3573d,"School of Education and Development (Centre for Adult Education), University of KwaZulu-Natal",2,Counting,bloom(batch),"School of Education and Development (Centre for Adult Education), University of KwaZulu-Natal",true-dup,batch
All about opposites!,056b98aa-7ebc-4863-8e8e-8de1b1100992,Rijuta Ghate,2,All about opposites!,bloom(batch),Priya Kuriyan,false-positive,batch
Maria's Family,a8be3bf2-663e-4d93-bcd5-309d9c1f1add,Magriet Brink & Leo Daly,1,Maria's Family,bloom,Magriet Brink & Leo Daly,true-dup,db
Amahle wants to help!,060c1001-6717-44b1-942a-fc34469e0285,Kelly Brown,2,Amahle wants to help!,book_dash,Refilwe Nsibande,false-positive,db
"Come back, Cat",997ce50b-268c-478e-a50b-3ac557a40849,Karen Lilje,1,"Come Back, Cat!",book_dash,"Nicola Rijsdijk, Karen Lilje, Sam Scarborough",true-dup,db
Everyone is Different,8129cc73-b6b1-429f-8237-0d55cabe6adc,N.D. Mazin,1,Everyone is Different,bloom(batch),N.D. Mazin,true-dup,batch
Life in my village,89b3cf25-638d-4ad1-9b68-01331716c394,,2,Life In my Village,african_storybook,Sylvia Komen,unknown(author-missing),db
A House For Mouse,71b38f3c-f8cf-49c3-9166-beef7814f53f,Amy Uzzell and Jennifer Jacobs,2,A House for Mouse,book_dash,"Michele Fry, Amy Uzzell, Jennifer Jacobs",false-positive,db
Parts of the Body,d5d187a1-0dc7-42a5-9b61-e4bdf1332ad9,Sue Beattie,1,Parts of the Body,bloom,Sue Beattie,true-dup,db
Tell the Story!,6a83f11a-ca93-4cde-9764-5d344648e65b,Gavin Thomson,2,Tell the Story!,bloom(batch),Gavin Thomson,true-dup,batch
Work and Play,165759e6-d634-477c-961c-7047cbb512e3,Mlungisi Dlamini,1,Work and Play,bloom(batch),Mlungisi Dlamini,true-dup,batch
Big Blue Bus,974a301e-aff7-4549-a5fe-42e4b2d73eb3,Mango Tree,2,Big Blue Bus,african_storybook,Mecelin Kakoro,false-positive,db
Friends,fbbef943-85aa-4a12-87f0-65a56cb7b85d,Catherine Groenewald,1,Friends,bloom(batch),Catherine Groenewald,true-dup,batch
"Goat, Dog and Cow",67eca7c7-5aaf-4b1f-bd03-ec23ad4646f2,Marleen Visser,1,"Goat, Dog and Cow",bloom(batch),Marleen Visser,true-dup,batch
One Two Three,e9ce32bc-51cf-4bec-83b4-74d59ccedad1,Little Zebra Books,1,One Two Three,bloom,Little Zebra Books,true-dup,db
Curious baby elephant,ce8dad9f-5b0b-4101-8360-3ae31d139d8f,Wiehan de Jager,2,Curious baby elephant,bloom(batch),Wiehan de Jager,true-dup,batch
Our Father,fb6ca792-9a48-4e3f-b1a0-27545a8541bd,Marleen Visser,2,Our Father,bloom(batch),Marleen Visser,true-dup,batch
Whose Shoe is This?,ec7c2654-831c-4b35-ad05-07b1dcbdd25f,Alicia van Zyl,2,Whose shoe is this?,book_dash,Siphiliselwe Makhanya,false-positive,db
Our Father,f5629287-d7b3-4b17-90d5-61838f81f910,Marleen Visser,1,Our Father,bloom(batch),Marleen Visser,true-dup,batch
Friends,01693920-5c1a-4dc8-8b4e-90150b1a888e,Catherine Groenewald,2,Friends,bloom(batch),Catherine Groenewald,true-dup,batch
Look in the sky. What do you see?,0f6d6788-9226-4374-b1a4-eb52d2923cdc,Craig Aldred,1,Look in the sky. What do you see?,bloom(batch),Craig Aldred,true-dup,batch
म को हुँ?,34494c26-2ca4-4f5c-8d9e-51675c75eb1d,Regis Muhirwa,1,म को हुँ?,bloom(batch),,unknown(author-missing),batch
Where Is It?,d8594bbd-283f-4893-b93d-b8d6bacc8ad2,Magriet Brink & Leo Daly,1,Where Is It?,bloom,Magriet Brink & Leo Daly,true-dup,db
Where is my bat?,d9f0e551-9c1c-434a-8553-36b222227047,Rijuta Ghate,1,Where is my bat?,bloom(batch),Rijuta Ghate,true-dup,batch
Where is My Mother?,e103c65c-1fab-4808-862e-a59d75ae6c38,R. C. Pradeep Kumar,2,Where is My Mother?,gdl,StoryWeaver,false-positive,db
The Moon and the Cap,feee67b2-72d8-4a1c-be5c-adfcf5aa0506,Angie and Upesh,2,The Moon and the Cap,gdl,,unknown(author-missing),db
I Feel,62e5ab20-6ff7-4a26-a0d6-d2e26ea3f917,Craig Aldred modified by Elizabeth Carlson 2022,1,I Feel,bloom,Craig Aldred,true-dup,db
We made a decision,393be6da-e298-49b4-bfb9-6c9bcba90cef,Vusi Malindi,2,We made a decision,bloom(batch),Vusi Malindi,true-dup,batch
Where is it?,1a49239c-c4b9-467e-a3d7-9a2025b742e5,Magriet Brink & Leo Daly,1,Where Is It?,bloom,Magriet Brink & Leo Daly,true-dup,db
Big and little,aa628d50-0025-40e3-9860-1a5a29fd2936,Little and big,1,Big and little,bloom(batch),Little and big,true-dup,batch
One Two Three,b1a78789-9206-448b-a22c-5c906d5d168c,Little Zebra Books,1,One Two Three,bloom,Little Zebra Books,true-dup,db
"One, Two, Three",7f4cf55f-0f92-4975-863b-59cf41e687e8,Little Zebra Books,1,One Two Three,bloom,Little Zebra Books,true-dup,db
How do you want your eggs?,7434614a-8b1a-4f4c-a393-d56f59b32e58,Richard Bolland,1,How do you want your eggs?,book_dash,Tania Kliphuis,false-positive,db
The Comb of Pipay,2ff03520-84fe-416e-9999-51a6b237c878,,2,The Comb of Pipay,bloom(batch),,unknown(author-missing),batch
The Moon and the Cap,c8773b21-b025-488e-82b3-b6a0c5e170c0,Angie and Upesh,1,The Moon and the Cap,gdl,,unknown(author-missing),db
Parts of the Body,1e9d6b0d-d014-4db9-b253-3eb98e341f11,Sue Beattie,1,Parts of the Body,bloom,Sue Beattie,true-dup,db
Opposites and Differences 2,9f8243a5-c4e2-45c2-a69c-dcdb69e1befc,SIL-PNG Education for Life,2,Opposites and Differences 2,bloom(batch),SIL-PNG Education for Life,true-dup,batch
Maria's Family,6ca525eb-db46-4856-9b94-5ae0f5247366,Magriet Brink & Leo Daly,1,Maria's Family,bloom,Magriet Brink & Leo Daly,true-dup,db
Parts of the Face,787c9a39-3b49-49a8-80a2-eac230054529,Sue Beattie,1,Parts of the Face,bloom(batch),Sue Beattie,true-dup,batch
Clouds,f585632d-8696-4200-9f8c-25133c6e6ff8,Clark Ness,1,Clouds,bloom(batch),Clark Ness,true-dup,batch
Look in the sky. What do you see?,3acd0905-d792-4026-ac2d-1bf7a92c7151,Craig Aldred,1,Look in the sky. What do you see?,bloom(batch),Craig Aldred,true-dup,batch
Little and Big,83b61578-562b-4461-b2d9-2e87da95bfb9,Little and big,1,Little and big,bloom,Little and big,true-dup,db
The Colourful Butterfly,395c8ff6-dbf4-4bd8-a1fc-f3a39d8cb8ef,SIL-PNG Education for Life,1,The Colourful Butterfly,bloom(batch),SIL-PNG Education for Life,true-dup,batch
Friends,d7c3508d-e013-477a-bc7b-81b40365af04,Catherine Groenewald,2,Friends,bloom(batch),Catherine Groenewald,true-dup,batch
A careless man,4c88d493-a3e0-437a-8ee5-7599be7a2b3c,"Catherine Groenewald, Vusi Malindi, Wiehan de Jager,",2,A Careless Man,african_storybook,Candiru Enzikuru Mary,false-positive,db
Too Big! Too Small!,d402b1d8-14ec-41c8-a470-00855a1b8cc7,Lavanya Karthik,2,Too Big! Too Small!,bloom(batch),Lavanya Karthik,true-dup,batch
My Best Friend,2c95de7c-b5f8-4ee0-861a-15b23d523c9d,Suvidha Mistry,2,My best friend,gdl,,unknown(author-missing),db
Fox and Rooster,165dbd6f-fef3-4fd1-9199-b9bb9b43dc38,Wiehan de Jager,2,Fox and Rooster,african_storybook,Vincent Afeku,false-positive,db
Weather,9fdf5968-c409-4220-814e-f8a021c67f12,Noah Agino,1,Weather,african_storybook,Beatres Nabune,false-positive,db
Big Blue Bus,fc6953ef-5be3-4892-919e-11bc58165de5,Mango Tree,2,Big Blue Bus,african_storybook,Mecelin Kakoro,false-positive,db
पाठा र म,0acee5de-eaeb-4c61-b6ac-c7c6fa169515,,2,पाठा र म,bloom(batch),,unknown(author-missing),batch
Parts of the Body,048a3433-3440-4b6d-8562-cf432e4cfde1,Sue Beattie,1,Parts of the Body,bloom,Sue Beattie,true-dup,db
Rain,00ef9805-d617-4fa6-ab0b-ce843ddf859a,Marleen Visser,2,Rain,gdl,,unknown(author-missing),db
Parts of the Body,58861c58-7afa-431f-bef7-133d152c6737,Sue Beattie,1,Parts of the Body,bloom,Sue Beattie,true-dup,db
Children of wax,4c31e1af-acd8-4a02-b5e8-243dae3e9d85,Wiehan de Jager,2,Children of wax,bloom(batch),Wiehan de Jager,true-dup,batch
Where Is It?,ac3ab074-9fac-4562-ad72-ba1062a7e9fc,Magriet Brink & Leo Daly,1,Where Is It?,bloom,Magriet Brink & Leo Daly,true-dup,db
One Two Three,5bc4f662-eae8-4ae3-a844-7d1c6f9ee67a,Little Zebra Books,1,One Two Three,bloom,Little Zebra Books,true-dup,db
Wild Animals,38bcf96a-0e8d-42e1-bbde-b842cba7de3f,Susan Rose,1,Wild Animals,bloom,Yathin Krishnappa,false-positive,db
Fat King Thin Dog,a9104d77-cae9-4660-b078-31b3cd4f3160,Pratham Books,2,Fat King Thin Dog,bloom(batch),Pratham Books,true-dup,batch
My Blind Classmate,6ed880f3-cb86-4a9e-983c-723c1260a6fa,Jean-Marie Boayaga,2,My Blind Classmate,bloom(batch),Jean-Marie Boayaga,true-dup,batch
Transport,6f0f6fea-f777-4deb-ad9a-39437fe25613,Noah Agino,1,Transport,gdl,,unknown(author-missing),db
The story of Tiger and Cat,f3e8496a-bb93-4907-ae16-ce4c6225daba,,1,The story of Tiger and Cat,bloom(batch),,unknown(author-missing),batch
One Two Three,afb0ca13-93d1-4c8a-a4eb-086b369809e9,Little Zebra Books,1,One Two Three,bloom,Little Zebra Books,true-dup,db
The Moon and the Cap,3327a451-ba33-46d7-a8f6-69ce23bfb627,Angie and Upesh,2,The Moon and the Cap,gdl,,unknown(author-missing),db
Rain,b16b5e34-8b26-4385-a173-f9c4c04a7879,Marleen Visser,1,Rain,gdl,,unknown(author-missing),db
