slug,page_no,page_rotation,span_dirs,is_rotated
a-day-out,1,0,"1,0",0
a-day-out,2,0,,0
a-day-out,3,0,"1,0",0
a-day-out,4,0,,0
a-day-out,5,0,"1,0",0
a-day-out,6,0,"1,0",0
a-day-out,7,0,"1,0",0
a-day-out,8,0,"1,0",0
a-day-out,9,0,,0
a-day-out,10,0,,0
a-day-out,11,0,"1,0",0
a-day-out,12,0,"1,0",0
a-day-out,13,0,,0
a-day-out,14,0,,0
a-trip-to-the-tap,1,0,"1,0",0
a-trip-to-the-tap,2,0,"1,0",0
a-trip-to-the-tap,3,0,"1,0",0
a-trip-to-the-tap,4,0,"1,0",0
a-trip-to-the-tap,5,0,"1,0",0
a-trip-to-the-tap,6,0,"1,0",0
a-trip-to-the-tap,7,0,"1,0",0
a-trip-to-the-tap,8,0,"1,0",0
a-trip-to-the-tap,9,0,"1,0",0
a-trip-to-the-tap,10,0,"1,0",0
a-trip-to-the-tap,11,0,"1,0",0
a-trip-to-the-tap,12,0,"1,0",0
a-trip-to-the-tap,13,0,,0
a-trip-to-the-tap,14,0,,0
a-very-busy-day,1,0,"1,0",0
a-very-busy-day,2,0,"1,0",0
a-very-busy-day,3,0,"1,0",0
a-very-busy-day,4,0,"1,0",0
a-very-busy-day,5,0,"1,0",0
a-very-busy-day,6,0,"1,0",0
a-very-busy-day,7,0,"1,0",0
a-very-busy-day,8,0,,0
a-very-busy-day,9,0,"1,0",0
a-very-busy-day,10,0,"1,0",0
a-very-busy-day,11,0,"1,0",0
a-very-busy-day,12,0,"1,0",0
a-very-busy-day,13,0,,0
a-very-busy-day,14,0,,0
aaaaahhh-mmawe,1,0,"1,0",0
aaaaahhh-mmawe,2,0,"1,0;1,1",1
aaaaahhh-mmawe,3,0,"1,0",0
aaaaahhh-mmawe,4,0,"1,0",0
aaaaahhh-mmawe,5,0,"1,0;1,1",1
aaaaahhh-mmawe,6,0,"1,0",0
aaaaahhh-mmawe,7,0,"1,0",0
aaaaahhh-mmawe,8,0,"1,0;1,1",1
aaaaahhh-mmawe,9,0,"1,0",0
aaaaahhh-mmawe,10,0,"1,0",0
aaaaahhh-mmawe,11,0,"1,0;1,1",1
aaaaahhh-mmawe,12,0,"1,0",0
aaaaahhh-mmawe,13,0,,0
aaaaahhh-mmawe,14,0,,0
alexs-super-medicine,1,0,"1,0",0
alexs-super-medicine,2,0,"1,0",0
alexs-super-medicine,3,0,"1,0",0
alexs-super-medicine,4,0,"1,0",0
alexs-super-medicine,5,0,"1,0",0
alexs-super-medicine,6,0,"1,0",0
alexs-super-medicine,7,0,"1,0",0
alexs-super-medicine,8,0,"1,0",0
alexs-super-medicine,9,0,"1,0",0
alexs-super-medicine,10,0,"1,0",0
alexs-super-medicine,11,0,"1,0",0
alexs-super-medicine,12,0,"1,0",0
alexs-super-medicine,13,0,,0
alexs-super-medicine,14,0,,0
amahle-wants-to-help,1,0,"1,0",0
amahle-wants-to-help,2,0,"1,0",0
amahle-wants-to-help,3,0,"1,0",0
amahle-wants-to-help,4,0,"1,0",0
amahle-wants-to-help,5,0,"1,0",0
amahle-wants-to-help,6,0,"1,0",0
amahle-wants-to-help,7,0,"1,0",0
amahle-wants-to-help,8,0,"1,0",0
amahle-wants-to-help,9,0,"1,0",0
amahle-wants-to-help,10,0,"1,0",0
amahle-wants-to-help,11,0,"1,0",0
amahle-wants-to-help,12,0,"1,0",0
amahle-wants-to-help,13,0,,0
amahle-wants-to-help,14,0,,0
and-also,1,0,"1,0",0
and-also,2,0,"1,0",0
and-also,3,0,"1,0",0
and-also,4,0,"1,0",0
and-also,5,0,"1,0",0
and-also,6,0,"1,0",0
and-also,7,0,"1,0",0
and-also,8,0,"1,0",0
and-also,9,0,"1,0",0
and-also,10,0,"1,0",0
and-also,11,0,,0
and-also,12,0,"1,0",0
and-also,13,0,,0
and-also,14,0,,0
ann-nem-oh-nee-finds-adventure,1,0,"1,0",0
ann-nem-oh-nee-finds-adventure,2,0,"1,0",0
ann-nem-oh-nee-finds-adventure,3,0,"1,0",0
ann-nem-oh-nee-finds-adventure,4,0,"1,0",0
ann-nem-oh-nee-finds-adventure,5,0,"1,0",0
ann-nem-oh-nee-finds-adventure,6,0,"1,0",0
ann-nem-oh-nee-finds-adventure,7,0,"1,0",0
ann-nem-oh-nee-finds-adventure,8,0,"1,0",0
ann-nem-oh-nee-finds-adventure,9,0,"1,0",0
ann-nem-oh-nee-finds-adventure,10,0,"1,0",0
ann-nem-oh-nee-finds-adventure,11,0,"1,0",0
ann-nem-oh-nee-finds-adventure,12,0,"1,0",0
ann-nem-oh-nee-finds-adventure,13,0,,0
ann-nem-oh-nee-finds-adventure,14,0,"1,0",0
auntie-bois-gift,1,0,"1,0",0
auntie-bois-gift,2,0,"1,0",0
auntie-bois-gift,3,0,"1,0",0
auntie-bois-gift,4,0,"1,0",0
auntie-bois-gift,5,0,"1,0",0
auntie-bois-gift,6,0,"1,0",0
auntie-bois-gift,7,0,"1,0",0
auntie-bois-gift,8,0,"1,0",0
auntie-bois-gift,9,0,"1,0",0
auntie-bois-gift,10,0,"1,0",0
auntie-bois-gift,11,0,"1,0",0
auntie-bois-gift,12,0,"1,0",0
auntie-bois-gift,13,0,,0
auntie-bois-gift,14,0,,0
baby-babble,1,0,"1,0",0
baby-babble,2,0,"1,0",0
baby-babble,3,0,"1,0",0
baby-babble,4,0,"1,0",0
baby-babble,5,0,"1,0",0
baby-babble,6,0,"1,0",0
baby-babble,7,0,"1,0",0
baby-babble,8,0,"1,0",0
baby-babble,9,0,"1,0",0
baby-babble,10,0,"1,0",0
baby-babble,11,0,"1,0",0
baby-babble,12,0,"1,0",0
baby-babble,13,0,,0
baby-babble,14,0,,0
baby-talk,1,0,"1,0",0
baby-talk,2,0,"1,0",0
baby-talk,3,0,"1,0",0
baby-talk,4,0,"1,0",0
baby-talk,5,0,"1,0",0
baby-talk,6,0,"1,0",0
baby-talk,7,0,"1,0",0
baby-talk,8,0,"1,0",0
baby-talk,9,0,"1,0",0
baby-talk,10,0,"1,0",0
baby-talk,11,0,"1,0",0
baby-talk,12,0,"1,0",0
baby-talk,13,0,,0
baby-talk,14,0,,0
babys-first-family-photo,1,0,"1,0",0
babys-first-family-photo,2,0,"1,0",0
babys-first-family-photo,3,0,"1,0",0
babys-first-family-photo,4,0,"1,0",0
babys-first-family-photo,5,0,"1,0",0
babys-first-family-photo,6,0,"1,0",0
babys-first-family-photo,7,0,"1,0",0
babys-first-family-photo,8,0,"1,0",0
babys-first-family-photo,9,0,"1,0",0
babys-first-family-photo,10,0,"1,0",0
babys-first-family-photo,11,0,"1,0;1,1",1
babys-first-family-photo,12,0,,0
babys-first-family-photo,13,0,,0
babys-first-family-photo,14,0,,0
banzis-busy-bees,1,0,"1,-1;1,0",1
banzis-busy-bees,2,0,"1,-1;1,0;1,1",1
banzis-busy-bees,3,0,"1,-1;1,0",1
banzis-busy-bees,4,0,"1,0",0
banzis-busy-bees,5,0,"1,0",0
banzis-busy-bees,6,0,"1,0",0
banzis-busy-bees,7,0,"1,0",0
banzis-busy-bees,8,0,"1,0",0
banzis-busy-bees,9,0,"1,0",0
banzis-busy-bees,10,0,"1,0",0
banzis-busy-bees,11,0,"1,0",0
banzis-busy-bees,12,0,"1,0",0
banzis-busy-bees,13,0,,0
banzis-busy-bees,14,0,,0
best-friends,1,0,"1,0",0
best-friends,2,0,"1,0",0
best-friends,3,0,"1,0",0
best-friends,4,0,"1,0",0
best-friends,5,0,"1,0",0
best-friends,6,0,"1,0",0
best-friends,7,0,"1,0",0
best-friends,8,0,"1,0",0
best-friends,9,0,"1,0",0
best-friends,10,0,"1,0",0
best-friends,11,0,"1,0",0
best-friends,12,0,"1,0",0
best-friends,13,0,,0
best-friends,14,0,,0
brave-bora,1,0,"1,0",0
brave-bora,2,0,"1,0",0
brave-bora,3,0,"1,0",0
brave-bora,4,0,"1,0",0
brave-bora,5,0,"1,0",0
brave-bora,6,0,"1,0",0
brave-bora,7,0,"1,0",0
brave-bora,8,0,"1,0",0
brave-bora,9,0,"1,0",0
brave-bora,10,0,"1,0",0
brave-bora,11,0,"1,0",0
brave-bora,12,0,"1,0",0
brave-bora,13,0,,0
brave-bora,14,0,,0
catch-that-cat,1,0,"1,0",0
catch-that-cat,2,0,"1,0",0
catch-that-cat,3,0,"1,0",0
catch-that-cat,4,0,"1,0",0
catch-that-cat,5,0,"0,-1",1
catch-that-cat,6,0,"1,0",0
catch-that-cat,7,0,"1,0",0
catch-that-cat,8,0,"1,0",0
catch-that-cat,9,0,"1,0",0
catch-that-cat,10,0,"1,0",0
catch-that-cat,11,0,"1,0",0
catch-that-cat,12,0,"1,0",0
catch-that-cat,13,0,,0
catch-that-cat,14,0,,0
circles,1,0,"1,0",0
circles,2,0,"1,0",0
circles,3,0,"1,0",0
circles,4,0,"1,0",0
circles,5,0,"1,0",0
circles,6,0,"1,0",0
circles,7,0,"1,0",0
circles,8,0,"1,0",0
circles,9,0,"1,0",0
circles,10,0,"1,0",0
circles,11,0,"1,0",0
circles,12,0,"1,0",0
circles,13,0,,0
circles,14,0,,0
clever-pig,1,0,"1,0",0
clever-pig,2,0,"1,0",0
clever-pig,3,0,"1,0",0
clever-pig,4,0,"1,0",0
clever-pig,5,0,"1,0",0
clever-pig,6,0,"1,0",0
clever-pig,7,0,"1,0",0
clever-pig,8,0,"1,0",0
clever-pig,9,0,"1,0",0
clever-pig,10,0,"1,0",0
clever-pig,11,0,"1,0",0
clever-pig,12,0,"1,0",0
clever-pig,13,0,,0
clever-pig,14,0,,0
come-stay-with-me,1,0,"1,0",0
come-stay-with-me,2,0,"1,0",0
come-stay-with-me,3,0,"1,0",0
come-stay-with-me,4,0,"1,0",0
come-stay-with-me,5,0,"1,0",0
come-stay-with-me,6,0,,0
come-stay-with-me,7,0,"1,0",0
come-stay-with-me,8,0,"1,0",0
come-stay-with-me,9,0,"1,0",0
come-stay-with-me,10,0,"1,0",0
come-stay-with-me,11,0,"1,0",0
come-stay-with-me,12,0,"1,0",0
come-stay-with-me,13,0,,0
come-stay-with-me,14,0,,0
dance-khuzwayo-dance,1,0,"1,0",0
dance-khuzwayo-dance,2,0,"1,0",0
dance-khuzwayo-dance,3,0,"1,0",0
dance-khuzwayo-dance,4,0,"1,0",0
dance-khuzwayo-dance,5,0,"1,0",0
dance-khuzwayo-dance,6,0,,0
dance-khuzwayo-dance,7,0,"1,0",0
dance-khuzwayo-dance,8,0,"1,0",0
dance-khuzwayo-dance,9,0,"1,0",0
dance-khuzwayo-dance,10,0,"1,0",0
dance-khuzwayo-dance,11,0,"1,0",0
dance-khuzwayo-dance,12,0,"1,0",0
dance-khuzwayo-dance,13,0,,0
dance-khuzwayo-dance,14,0,,0
dance-mihlali,1,0,"1,0",0
dance-mihlali,2,0,"1,0",0
dance-mihlali,3,0,"1,0",0
dance-mihlali,4,0,"1,0",0
dance-mihlali,5,0,"1,0;1,1",1
dance-mihlali,6,0,"1,0;1,1",1
dance-mihlali,7,0,"1,0",0
dance-mihlali,8,0,"1,0",0
dance-mihlali,9,0,"1,0",0
dance-mihlali,10,0,"1,0",0
dance-mihlali,11,0,"1,0",0
dance-mihlali,12,0,"1,0",0
dance-mihlali,13,0,,0
dance-mihlali,14,0,,0
dudus-hat,1,0,"1,0",0
dudus-hat,2,0,"1,0",0
dudus-hat,3,0,"1,0",0
dudus-hat,4,0,"1,0",0
dudus-hat,5,0,"1,0",0
dudus-hat,6,0,"1,0",0
dudus-hat,7,0,"1,-1;1,0",1
dudus-hat,8,0,"1,0",0
dudus-hat,9,0,"1,0",0
dudus-hat,10,0,"1,0",0
dudus-hat,11,0,,0
dudus-hat,12,0,"1,0",0
dudus-hat,13,0,,0
dudus-hat,14,0,,0
egg,1,0,"1,0",0
egg,2,0,"1,0",0
egg,3,0,"1,0",0
egg,4,0,"1,0",0
egg,5,0,"1,0",0
egg,6,0,"1,0",0
egg,7,0,"1,0",0
egg,8,0,"1,0",0
egg,9,0,"1,0",0
egg,10,0,"1,0",0
egg,11,0,"1,0",0
egg,12,0,,0
egg,13,0,,0
egg,14,0,,0
feathered-friends,1,0,"1,0",0
feathered-friends,2,0,"1,0",0
feathered-friends,3,0,"1,0",0
feathered-friends,4,0,,0
feathered-friends,5,0,"1,0",0
feathered-friends,6,0,,0
feathered-friends,7,0,"1,0",0
feathered-friends,8,0,,0
feathered-friends,9,0,"1,0",0
feathered-friends,10,0,"1,0",0
feathered-friends,11,0,,0
feathered-friends,12,0,,0
feathered-friends,13,0,,0
feathered-friends,14,0,"1,0",0
fifi-and-teddy,1,0,"1,0",0
fifi-and-teddy,2,0,"1,0",0
fifi-and-teddy,3,0,"1,0",0
fifi-and-teddy,4,0,"1,0",0
fifi-and-teddy,5,0,"1,0",0
fifi-and-teddy,6,0,,0
fifi-and-teddy,7,0,,0
fifi-and-teddy,8,0,"1,0",0
fifi-and-teddy,9,0,"1,0",0
fifi-and-teddy,10,0,"1,0",0
fifi-and-teddy,11,0,"1,0",0
fifi-and-teddy,12,0,,0
fifi-and-teddy,13,0,,0
fifi-and-teddy,14,0,,0
foxy-joxy-plays-a-trick,1,0,"1,0",0
foxy-joxy-plays-a-trick,2,0,"1,0",0
foxy-joxy-plays-a-trick,3,0,"1,0",0
foxy-joxy-plays-a-trick,4,0,"1,0",0
foxy-joxy-plays-a-trick,5,0,"1,0",0
foxy-joxy-plays-a-trick,6,0,"1,0",0
foxy-joxy-plays-a-trick,7,0,"1,0",0
foxy-joxy-plays-a-trick,8,0,"1,0",0
foxy-joxy-plays-a-trick,9,0,"1,0",0
foxy-joxy-plays-a-trick,10,0,"1,0",0
foxy-joxy-plays-a-trick,11,0,"1,0",0
foxy-joxy-plays-a-trick,12,0,"1,0",0
foxy-joxy-plays-a-trick,13,0,,0
foxy-joxy-plays-a-trick,14,0,,0
going-places,1,0,"1,0",0
going-places,2,0,"1,0",0
going-places,3,0,"1,0",0
going-places,4,0,"1,0",0
going-places,5,0,"1,0",0
going-places,6,0,"1,0",0
going-places,7,0,"1,0",0
going-places,8,0,"1,0",0
going-places,9,0,"1,0",0
going-places,10,0,"1,0",0
going-places,11,0,"1,0",0
going-places,12,0,,0
going-places,13,0,,0
going-places,14,0,,0
grandpa-farouks-garden,1,0,"1,0",0
grandpa-farouks-garden,2,0,"1,0",0
grandpa-farouks-garden,3,0,"1,0",0
grandpa-farouks-garden,4,0,"1,0",0
grandpa-farouks-garden,5,0,"1,0",0
grandpa-farouks-garden,6,0,"1,0",0
grandpa-farouks-garden,7,0,"1,0",0
grandpa-farouks-garden,8,0,"1,0",0
grandpa-farouks-garden,9,0,"1,0",0
grandpa-farouks-garden,10,0,"1,0",0
grandpa-farouks-garden,11,0,"1,0",0
grandpa-farouks-garden,12,0,"1,0",0
grandpa-farouks-garden,13,0,,0
grandpa-farouks-garden,14,0,,0
grumpy-cloud,1,0,"1,0",0
grumpy-cloud,2,0,"1,0",0
grumpy-cloud,3,0,"1,0",0
grumpy-cloud,4,0,"1,0",0
grumpy-cloud,5,0,"1,0",0
grumpy-cloud,6,0,"1,0",0
grumpy-cloud,7,0,"1,0",0
grumpy-cloud,8,0,"1,0",0
grumpy-cloud,9,0,"1,0",0
grumpy-cloud,10,0,"1,0",0
grumpy-cloud,11,0,"1,0",0
grumpy-cloud,12,0,"1,0",0
grumpy-cloud,13,0,,0
grumpy-cloud,14,0,,0
hello,1,0,"1,0",0
hello,2,0,"1,0",0
hello,3,0,"1,0",0
hello,4,0,"1,0",0
hello,5,0,"1,0",0
hello,6,0,"1,0",0
hello,7,0,"1,0",0
hello,8,0,"1,0",0
hello,9,0,"1,0",0
hello,10,0,"1,0",0
hello,11,0,"1,0",0
hello,12,0,"1,0",0
hello,13,0,"1,0",0
hello,14,0,"1,0",0
hello-baby,1,0,"1,0",0
hello-baby,2,0,"1,0",0
hello-baby,3,0,"1,0",0
hello-baby,4,0,"1,0",0
hello-baby,5,0,"1,0",0
hello-baby,6,0,"1,0",0
hello-baby,7,0,"1,0",0
hello-baby,8,0,"1,0",0
hello-baby,9,0,"1,0",0
hello-baby,10,0,"1,0",0
hello-baby,11,0,"1,0",0
hello-baby,12,0,"1,0",0
hello-baby,13,0,"1,0",0
hello-baby,14,0,"1,0",0
how-do-you-eat,1,0,"1,0",0
how-do-you-eat,2,0,"1,0",0
how-do-you-eat,3,0,"1,0",0
how-do-you-eat,4,0,"1,0",0
how-do-you-eat,5,0,"1,0",0
how-do-you-eat,6,0,"1,0",0
how-do-you-eat,7,0,"1,0",0
how-do-you-eat,8,0,"1,0",0
how-do-you-eat,9,0,"1,0",0
how-do-you-eat,10,0,"1,0",0
how-do-you-eat,11,0,"1,0",0
how-do-you-eat,12,0,"-1,-1;-1,0;-1,1;0,-1;0,1;1,-1;1,0;1,1",1
how-do-you-eat,13,0,,0
how-do-you-eat,14,0,,0
how-do-you-sleep,1,0,,0
how-do-you-sleep,2,0,"1,0;1,1",1
how-do-you-sleep,3,0,"0,1;1,0",1
how-do-you-sleep,4,0,"1,-1;1,0",1
how-do-you-sleep,5,0,"0,-1;0,1;1,-1;1,0;1,1",1
how-do-you-sleep,6,0,"1,0;1,1",1
how-do-you-sleep,7,0,"0,1;1,0;1,1",1
how-do-you-sleep,8,0,"0,1;1,0;1,1",1
how-do-you-sleep,9,0,"1,0",0
how-do-you-sleep,10,0,"0,1;1,0;1,1",1
how-do-you-sleep,11,0,"1,-1;1,0;1,1",1
how-do-you-sleep,12,0,"1,-1;1,0;1,1",1
how-do-you-sleep,13,0,,0
how-do-you-sleep,14,0,,0
how-do-you-want-your-eggs,1,0,"1,0",0
how-do-you-want-your-eggs,2,0,"1,0",0
how-do-you-want-your-eggs,3,0,"1,0",0
how-do-you-want-your-eggs,4,0,"1,0",0
how-do-you-want-your-eggs,5,0,"1,0",0
how-do-you-want-your-eggs,6,0,"1,0",0
how-do-you-want-your-eggs,7,0,"1,0",0
how-do-you-want-your-eggs,8,0,"1,0",0
how-do-you-want-your-eggs,9,0,"1,0",0
how-do-you-want-your-eggs,10,0,"1,0",0
how-do-you-want-your-eggs,11,0,,0
how-do-you-want-your-eggs,12,0,"1,0",0
how-do-you-want-your-eggs,13,0,,0
how-do-you-want-your-eggs,14,0,,0
how-to-tame-a-monster,1,0,"1,0",0
how-to-tame-a-monster,2,0,"1,0",0
how-to-tame-a-monster,3,0,"1,0",0
how-to-tame-a-monster,4,0,"1,0",0
how-to-tame-a-monster,5,0,"1,0",0
how-to-tame-a-monster,6,0,"1,0",0
how-to-tame-a-monster,7,0,"1,0",0
how-to-tame-a-monster,8,0,"1,0",0
how-to-tame-a-monster,9,0,"1,0",0
how-to-tame-a-monster,10,0,"1,0",0
how-to-tame-a-monster,11,0,"1,0",0
how-to-tame-a-monster,12,0,"1,0",0
how-to-tame-a-monster,13,0,,0
how-to-tame-a-monster,14,0,,0
i-dont-want-to-go-to-sleep,1,0,"1,-1;1,0;1,1",1
i-dont-want-to-go-to-sleep,2,0,"1,0",0
i-dont-want-to-go-to-sleep,3,0,"1,-1;1,0",1
i-dont-want-to-go-to-sleep,4,0,"1,0",0
i-dont-want-to-go-to-sleep,5,0,"1,0",0
i-dont-want-to-go-to-sleep,6,0,"1,0",0
i-dont-want-to-go-to-sleep,7,0,"1,-1;1,0",1
i-dont-want-to-go-to-sleep,8,0,"1,0",0
i-dont-want-to-go-to-sleep,9,0,"1,-1;1,0",1
i-dont-want-to-go-to-sleep,10,0,"1,0",0
i-dont-want-to-go-to-sleep,11,0,"1,0",0
i-dont-want-to-go-to-sleep,12,0,"1,0",0
i-dont-want-to-go-to-sleep,13,0,,0
i-dont-want-to-go-to-sleep,14,0,,0
i-hate-winter,1,0,"1,0",0
i-hate-winter,2,0,"1,0",0
i-hate-winter,3,0,"1,0",0
i-hate-winter,4,0,"1,0",0
i-hate-winter,5,0,"1,0",0
i-hate-winter,6,0,"1,0",0
i-hate-winter,7,0,"1,0",0
i-hate-winter,8,0,"1,0",0
i-hate-winter,9,0,"1,0",0
i-hate-winter,10,0,"1,0",0
i-hate-winter,11,0,"1,0",0
i-hate-winter,12,0,"1,0",0
i-hate-winter,13,0,,0
i-hate-winter,14,0,,0
i-want-to,1,0,"1,0",0
i-want-to,2,0,"1,0",0
i-want-to,3,0,"1,0",0
i-want-to,4,0,"1,0",0
i-want-to,5,0,"1,0",0
i-want-to,6,0,"1,0",0
i-want-to,7,0,"1,0",0
i-want-to,8,0,"1,0",0
i-want-to,9,0,"1,0",0
i-want-to,10,0,"1,0",0
i-want-to,11,0,"1,0",0
i-want-to,12,0,"1,0",0
i-want-to,13,0,,0
i-want-to,14,0,,0
im-the-colour-of-honey,1,0,"1,0",0
im-the-colour-of-honey,2,0,"1,0",0
im-the-colour-of-honey,3,0,"1,0",0
im-the-colour-of-honey,4,0,"1,0",0
im-the-colour-of-honey,5,0,"1,0",0
im-the-colour-of-honey,6,0,"1,0",0
im-the-colour-of-honey,7,0,"1,0",0
im-the-colour-of-honey,8,0,"1,0",0
im-the-colour-of-honey,9,0,"1,0",0
im-the-colour-of-honey,10,0,"1,0",0
im-the-colour-of-honey,11,0,"1,0",0
im-the-colour-of-honey,12,0,"1,0",0
im-the-colour-of-honey,13,0,,0
im-the-colour-of-honey,14,0,"1,0",0
its-my-birthday,1,0,"1,0",0
its-my-birthday,2,0,"1,0",0
its-my-birthday,3,0,"1,0",0
its-my-birthday,4,0,"1,0",0
its-my-birthday,5,0,"1,0",0
its-my-birthday,6,0,"1,0",0
its-my-birthday,7,0,"1,0",0
its-my-birthday,8,0,"1,0",0
its-my-birthday,9,0,"1,0",0
its-my-birthday,10,0,"1,0",0
its-my-birthday,11,0,"1,0",0
its-my-birthday,12,0,"1,0",0
its-my-birthday,13,0,,0
its-my-birthday,14,0,,0
its-my-book,1,0,"1,0",0
its-my-book,2,0,"1,0",0
its-my-book,3,0,"1,0",0
its-my-book,4,0,"1,-1;1,0",1
its-my-book,5,0,"1,0",0
its-my-book,6,0,"1,0",0
its-my-book,7,0,"1,0",0
its-my-book,8,0,"1,0",0
its-my-book,9,0,"1,0",0
its-my-book,10,0,,0
its-my-book,11,0,"1,0",0
its-my-book,12,0,"1,0",0
its-my-book,13,0,,0
its-my-book,14,0,,0
joannas-grannies,1,0,"1,0",0
joannas-grannies,2,0,"1,0",0
joannas-grannies,3,0,"1,0",0
joannas-grannies,4,0,"1,0",0
joannas-grannies,5,0,"1,0",0
joannas-grannies,6,0,"1,0",0
joannas-grannies,7,0,"1,0",0
joannas-grannies,8,0,"1,0",0
joannas-grannies,9,0,"1,0",0
joannas-grannies,10,0,"1,0",0
joannas-grannies,11,0,"1,0",0
joannas-grannies,12,0,"1,0",0
joannas-grannies,13,0,,0
joannas-grannies,14,0,,0
jock-and-me,1,0,"1,0",0
jock-and-me,2,0,"1,0",0
jock-and-me,3,0,"1,0",0
jock-and-me,4,0,"1,0",0
jock-and-me,5,0,"1,0",0
jock-and-me,6,0,"1,0",0
jock-and-me,7,0,"1,0",0
jock-and-me,8,0,"1,0",0
jock-and-me,9,0,"1,0",0
jock-and-me,10,0,"1,0",0
jock-and-me,11,0,"1,0",0
jock-and-me,12,0,"1,0",0
jock-and-me,13,0,,0
jock-and-me,14,0,,0
julia-loves-books,1,0,"1,0",0
julia-loves-books,2,0,"1,0",0
julia-loves-books,3,0,"1,0",0
julia-loves-books,4,0,"1,0",0
julia-loves-books,5,0,"1,0",0
julia-loves-books,6,0,"1,0",0
julia-loves-books,7,0,"1,0",0
julia-loves-books,8,0,"1,0",0
julia-loves-books,9,0,"1,0",0
julia-loves-books,10,0,"1,0",0
julia-loves-books,11,0,"1,0",0
julia-loves-books,12,0,"1,0",0
julia-loves-books,13,0,,0
julia-loves-books,14,0,,0
just-like-me,1,0,"1,0",0
just-like-me,2,0,"1,0",0
just-like-me,3,0,"1,0",0
just-like-me,4,0,"1,0",0
just-like-me,5,0,"1,0",0
just-like-me,6,0,"1,0",0
just-like-me,7,0,"1,0",0
just-like-me,8,0,"1,0",0
just-like-me,9,0,"1,0",0
just-like-me,10,0,"1,0",0
just-like-me,11,0,"1,0",0
just-like-me,12,0,"1,0",0
just-like-me,13,0,,0
just-like-me,14,0,"1,0",0
khaya-wants-to-row,1,0,"1,0",0
khaya-wants-to-row,2,0,"1,0",0
khaya-wants-to-row,3,0,"-1,-1;0,-1;1,-1;1,0;1,1",1
khaya-wants-to-row,4,0,"1,0",0
khaya-wants-to-row,5,0,"1,0",0
khaya-wants-to-row,6,0,"0,1;1,0;1,1",1
khaya-wants-to-row,7,0,"1,0",0
khaya-wants-to-row,8,0,"1,0",0
khaya-wants-to-row,9,0,"1,0",0
khaya-wants-to-row,10,0,"1,0",0
khaya-wants-to-row,11,0,"1,0",0
khaya-wants-to-row,12,0,"0,-1;0,1;1,-1;1,0;1,1",1
khaya-wants-to-row,13,0,,0
khaya-wants-to-row,14,0,,0
knight-times,1,0,"1,0",0
knight-times,2,0,"1,0",0
knight-times,3,0,"1,0",0
knight-times,4,0,,0
knight-times,5,0,,0
knight-times,6,0,"1,0",0
knight-times,7,0,"1,0",0
knight-times,8,0,,0
knight-times,9,0,"1,0",0
knight-times,10,0,"1,0",0
knight-times,11,0,"1,0",0
knight-times,12,0,,0
knight-times,13,0,,0
knight-times,14,0,,0
lebo-and-gogos-tea-party,1,0,"1,0",0
lebo-and-gogos-tea-party,2,0,"1,0",0
lebo-and-gogos-tea-party,3,0,"1,0",0
lebo-and-gogos-tea-party,4,0,"1,0",0
lebo-and-gogos-tea-party,5,0,"1,0",0
lebo-and-gogos-tea-party,6,0,"1,0",0
lebo-and-gogos-tea-party,7,0,"1,0",0
lebo-and-gogos-tea-party,8,0,"1,0",0
lebo-and-gogos-tea-party,9,0,"1,0",0
lebo-and-gogos-tea-party,10,0,"1,0",0
lebo-and-gogos-tea-party,11,0,"1,0",0
lebo-and-gogos-tea-party,12,0,,0
lebo-and-gogos-tea-party,13,0,,0
lebo-and-gogos-tea-party,14,0,,0
lesedis-sandbox,1,0,"1,0",0
lesedis-sandbox,2,0,"1,0",0
lesedis-sandbox,3,0,"1,0",0
lesedis-sandbox,4,0,"1,0",0
lesedis-sandbox,5,0,"1,0",0
lesedis-sandbox,6,0,"1,0",0
lesedis-sandbox,7,0,"1,0",0
lesedis-sandbox,8,0,"1,0",0
lesedis-sandbox,9,0,"1,0",0
lesedis-sandbox,10,0,"1,0",0
lesedis-sandbox,11,0,"1,0",0
lesedis-sandbox,12,0,"1,0",0
lesedis-sandbox,13,0,,0
lesedis-sandbox,14,0,,0
lets-be-friends,1,0,"1,0",0
lets-be-friends,2,0,"1,0",0
lets-be-friends,3,0,"1,-1;1,0",1
lets-be-friends,4,0,"1,0",0
lets-be-friends,5,0,"1,0",0
lets-be-friends,6,0,"1,0",0
lets-be-friends,7,0,"1,0",0
lets-be-friends,8,0,"1,0",0
lets-be-friends,9,0,"1,0",0
lets-be-friends,10,0,"1,0",0
lets-be-friends,11,0,,0
lets-be-friends,12,0,"1,0",0
lets-be-friends,13,0,,0
lets-be-friends,14,0,,0
lets-go-on-a-litter-hunt,1,0,"1,0",0
lets-go-on-a-litter-hunt,2,0,"1,0",0
lets-go-on-a-litter-hunt,3,0,"1,0",0
lets-go-on-a-litter-hunt,4,0,"1,0",0
lets-go-on-a-litter-hunt,5,0,"1,0",0
lets-go-on-a-litter-hunt,6,0,"1,0",0
lets-go-on-a-litter-hunt,7,0,"1,0",0
lets-go-on-a-litter-hunt,8,0,"1,0",0
lets-go-on-a-litter-hunt,9,0,"1,0",0
lets-go-on-a-litter-hunt,10,0,"1,0",0
lets-go-on-a-litter-hunt,11,0,"1,0",0
lets-go-on-a-litter-hunt,12,0,"1,0",0
lets-go-on-a-litter-hunt,13,0,,0
lets-go-on-a-litter-hunt,14,0,,0
lets-have-an-inside-day,1,0,"1,0",0
lets-have-an-inside-day,2,0,"1,0",0
lets-have-an-inside-day,3,0,"1,0",0
lets-have-an-inside-day,4,0,"1,0",0
lets-have-an-inside-day,5,0,"1,0",0
lets-have-an-inside-day,6,0,"1,0",0
lets-have-an-inside-day,7,0,"1,0",0
lets-have-an-inside-day,8,0,"1,0",0
lets-have-an-inside-day,9,0,"1,0",0
lets-have-an-inside-day,10,0,"1,0",0
lets-have-an-inside-day,11,0,"1,0",0
lets-have-an-inside-day,12,0,"1,0",0
lets-have-an-inside-day,13,0,,0
lets-have-an-inside-day,14,0,,0
lets-party,1,0,"1,0",0
lets-party,2,0,"1,0",0
lets-party,3,0,"1,0",0
lets-party,4,0,"1,0",0
lets-party,5,0,"1,0",0
lets-party,6,0,"1,0",0
lets-party,7,0,"1,0",0
lets-party,8,0,"1,0",0
lets-party,9,0,"1,0",0
lets-party,10,0,"1,0",0
lets-party,11,0,"1,0",0
lets-party,12,0,"1,0",0
lets-party,13,0,,0
lets-party,14,0,,0
lions-are-always-brave,1,0,"1,0",0
lions-are-always-brave,2,0,"1,0",0
lions-are-always-brave,3,0,"1,0",0
lions-are-always-brave,4,0,"1,0",0
lions-are-always-brave,5,0,"1,0",0
lions-are-always-brave,6,0,"1,0",0
lions-are-always-brave,7,0,"1,0",0
lions-are-always-brave,8,0,"1,0",0
lions-are-always-brave,9,0,,0
lions-are-always-brave,10,0,,0
lions-are-always-brave,11,0,"1,0",0
lions-are-always-brave,12,0,,0
lions-are-always-brave,13,0,,0
lions-are-always-brave,14,0,,0
little-goat,1,0,"1,0",0
little-goat,2,0,"1,0",0
little-goat,3,0,"1,0",0
little-goat,4,0,"1,0",0
little-goat,5,0,"1,0",0
little-goat,6,0,"1,0",0
little-goat,7,0,"1,0",0
little-goat,8,0,"1,0",0
little-goat,9,0,"1,0",0
little-goat,10,0,"1,0",0
little-goat,11,0,"1,0",0
little-goat,12,0,"1,0",0
little-goat,13,0,,0
little-goat,14,0,,0
little-shoots,1,0,"1,0",0
little-shoots,2,0,"1,0",0
little-shoots,3,0,"1,0",0
little-shoots,4,0,"1,0",0
little-shoots,5,0,,0
little-shoots,6,0,"1,0",0
little-shoots,7,0,,0
little-shoots,8,0,"1,0",0
little-shoots,9,0,,0
little-shoots,10,0,"1,0",0
little-shoots,11,0,,0
little-shoots,12,0,"1,0",0
little-shoots,13,0,,0
little-shoots,14,0,,0
lonwabos-recipes,1,0,"1,0",0
lonwabos-recipes,2,0,"1,0",0
lonwabos-recipes,3,0,"1,0",0
lonwabos-recipes,4,0,"1,0",0
lonwabos-recipes,5,0,"1,0",0
lonwabos-recipes,6,0,,0
lonwabos-recipes,7,0,"1,0",0
lonwabos-recipes,8,0,"1,0",0
lonwabos-recipes,9,0,"1,0",0
lonwabos-recipes,10,0,"1,0",0
lonwabos-recipes,11,0,"1,0",0
lonwabos-recipes,12,0,,0
lonwabos-recipes,13,0,,0
lonwabos-recipes,14,0,,0
look-out-luthando,1,0,"1,0",0
look-out-luthando,2,0,"1,0",0
look-out-luthando,3,0,"1,0",0
look-out-luthando,4,0,"1,0",0
look-out-luthando,5,0,"1,0",0
look-out-luthando,6,0,"1,0",0
look-out-luthando,7,0,"1,0",0
look-out-luthando,8,0,"1,0",0
look-out-luthando,9,0,"1,0",0
look-out-luthando,10,0,"1,0",0
look-out-luthando,11,0,"1,0",0
look-out-luthando,12,0,"1,0",0
look-out-luthando,13,0,,0
look-out-luthando,14,0,,0
look-up,1,0,"1,0",0
look-up,2,0,"1,0",0
look-up,3,0,"1,0",0
look-up,4,0,"1,0",0
look-up,5,0,"1,0",0
look-up,6,0,"1,0",0
look-up,7,0,"1,0",0
look-up,8,0,"1,0",0
look-up,9,0,"1,0",0
look-up,10,0,"1,0",0
look-up,11,0,"1,0",0
look-up,12,0,"1,0",0
look-up,13,0,,0
look-up,14,0,,0
malis-friend,1,0,"1,0",0
malis-friend,2,0,"1,0",0
malis-friend,3,0,"1,0",0
malis-friend,4,0,"1,0",0
malis-friend,5,0,"1,0",0
malis-friend,6,0,"1,0",0
malis-friend,7,0,"1,0",0
malis-friend,8,0,"1,0",0
malis-friend,9,0,"1,0",0
malis-friend,10,0,"1,0",0
malis-friend,11,0,"1,0",0
malis-friend,12,0,"1,0",0
malis-friend,13,0,,0
malis-friend,14,0,,0
mama-antelopes-house,1,0,"1,0",0
mama-antelopes-house,2,0,"1,0",0
mama-antelopes-house,3,0,"1,0",0
mama-antelopes-house,4,0,"1,0",0
mama-antelopes-house,5,0,"1,0",0
mama-antelopes-house,6,0,"1,0",0
mama-antelopes-house,7,0,"1,0",0
mama-antelopes-house,8,0,"1,0",0
mama-antelopes-house,9,0,"1,0",0
mama-antelopes-house,10,0,"1,0",0
mama-antelopes-house,11,0,"1,0",0
mama-antelopes-house,12,0,"1,0",0
mama-antelopes-house,13,0,,0
mama-antelopes-house,14,0,,0
mama-whats-for-lunch,1,0,"1,0",0
mama-whats-for-lunch,2,0,"1,0",0
mama-whats-for-lunch,3,0,"1,0",0
mama-whats-for-lunch,4,0,"1,0",0
mama-whats-for-lunch,5,0,"1,0",0
mama-whats-for-lunch,6,0,"1,0",0
mama-whats-for-lunch,7,0,"1,0",0
mama-whats-for-lunch,8,0,"1,0",0
mama-whats-for-lunch,9,0,"1,0",0
mama-whats-for-lunch,10,0,"1,0",0
mama-whats-for-lunch,11,0,"1,0",0
mama-whats-for-lunch,12,0,"1,0",0
mama-whats-for-lunch,13,0,,0
mama-whats-for-lunch,14,0,,0
matthew-is-up,1,0,"1,0",0
matthew-is-up,2,0,"1,0",0
matthew-is-up,3,0,"1,0",0
matthew-is-up,4,0,"1,0",0
matthew-is-up,5,0,"1,0",0
matthew-is-up,6,0,"1,0",0
matthew-is-up,7,0,"1,0",0
matthew-is-up,8,0,"1,0",0
matthew-is-up,9,0,"1,0",0
matthew-is-up,10,0,"1,0",0
matthew-is-up,11,0,"1,0",0
matthew-is-up,12,0,"1,0",0
matthew-is-up,13,0,,0
matthew-is-up,14,0,,0
mazi-learns-to-play,1,0,"1,0",0
mazi-learns-to-play,2,0,"1,0",0
mazi-learns-to-play,3,0,"1,0",0
mazi-learns-to-play,4,0,"1,0",0
mazi-learns-to-play,5,0,"1,0",0
mazi-learns-to-play,6,0,"1,0",0
mazi-learns-to-play,7,0,"1,0",0
mazi-learns-to-play,8,0,"1,0",0
mazi-learns-to-play,9,0,"1,0",0
mazi-learns-to-play,10,0,"1,0",0
mazi-learns-to-play,11,0,"1,0",0
mazi-learns-to-play,12,0,"1,0",0
mazi-learns-to-play,13,0,,0
mazi-learns-to-play,14,0,,0
meerkat-magic,1,0,"1,0",0
meerkat-magic,2,0,"1,0",0
meerkat-magic,3,0,"1,0",0
meerkat-magic,4,0,"1,0",0
meerkat-magic,5,0,"1,0",0
meerkat-magic,6,0,"1,0",0
meerkat-magic,7,0,"1,0",0
meerkat-magic,8,0,"1,0",0
meerkat-magic,9,0,"1,0",0
meerkat-magic,10,0,,0
meerkat-magic,11,0,"1,-1",1
meerkat-magic,12,0,,0
meerkat-magic,13,0,,0
meerkat-magic,14,0,,0
mina-and-the-birthday-dress,1,0,"1,0",0
mina-and-the-birthday-dress,2,0,"1,0",0
mina-and-the-birthday-dress,3,0,"1,0",0
mina-and-the-birthday-dress,4,0,"1,0",0
mina-and-the-birthday-dress,5,0,"1,0",0
mina-and-the-birthday-dress,6,0,"1,0",0
mina-and-the-birthday-dress,7,0,"1,0",0
mina-and-the-birthday-dress,8,0,"1,0",0
mina-and-the-birthday-dress,9,0,"1,0",0
mina-and-the-birthday-dress,10,0,"1,0",0
mina-and-the-birthday-dress,11,0,"1,0",0
mina-and-the-birthday-dress,12,0,,0
mina-and-the-birthday-dress,13,0,,0
mina-and-the-birthday-dress,14,0,,0
miss-tiny-chef,1,0,"1,0",0
miss-tiny-chef,2,0,"1,0",0
miss-tiny-chef,3,0,"1,0",0
miss-tiny-chef,4,0,"1,0",0
miss-tiny-chef,5,0,"1,0",0
miss-tiny-chef,6,0,"1,0",0
miss-tiny-chef,7,0,"1,0",0
miss-tiny-chef,8,0,"1,0",0
miss-tiny-chef,9,0,"1,0",0
miss-tiny-chef,10,0,"1,0",0
miss-tiny-chef,11,0,"1,0",0
miss-tiny-chef,12,0,"1,0",0
miss-tiny-chef,13,0,,0
miss-tiny-chef,14,0,,0
mogaus-gift,1,0,"1,0",0
mogaus-gift,2,0,"1,0",0
mogaus-gift,3,0,"1,0",0
mogaus-gift,4,0,"1,0",0
mogaus-gift,5,0,"1,0",0
mogaus-gift,6,0,"1,0",0
mogaus-gift,7,0,"1,0",0
mogaus-gift,8,0,"1,0",0
mogaus-gift,9,0,"1,0",0
mogaus-gift,10,0,"1,0",0
mogaus-gift,11,0,"1,0",0
mogaus-gift,12,0,"1,0",0
mogaus-gift,13,0,,0
mogaus-gift,14,0,,0
moms-hands,1,0,"1,0",0
moms-hands,2,0,"1,0",0
moms-hands,3,0,"1,0",0
moms-hands,4,0,"1,0",0
moms-hands,5,0,"1,0",0
moms-hands,6,0,"1,0",0
moms-hands,7,0,"1,0",0
moms-hands,8,0,"1,0",0
moms-hands,9,0,"1,0",0
moms-hands,10,0,"1,0",0
moms-hands,11,0,"1,0",0
moms-hands,12,0,"1,0",0
moms-hands,13,0,,0
moms-hands,14,0,,0
moms-red-coat,1,0,"1,0",0
moms-red-coat,2,0,"1,0",0
moms-red-coat,3,0,"1,0",0
moms-red-coat,4,0,"1,0",0
moms-red-coat,5,0,"1,0",0
moms-red-coat,6,0,"1,0",0
moms-red-coat,7,0,"1,0",0
moms-red-coat,8,0,"1,0",0
moms-red-coat,9,0,"1,0",0
moms-red-coat,10,0,"1,0",0
moms-red-coat,11,0,"1,0",0
moms-red-coat,12,0,"1,0",0
moms-red-coat,13,0,,0
moms-red-coat,14,0,,0
monkey-business,1,0,"1,0",0
monkey-business,2,0,"1,0",0
monkey-business,3,0,"1,0",0
monkey-business,4,0,"1,0",0
monkey-business,5,0,"1,0",0
monkey-business,6,0,"0,-1;0,1;1,-1;1,0;1,1",1
monkey-business,7,0,"-1,0;1,0",1
monkey-business,8,0,"0,1;1,0;1,1",1
monkey-business,9,0,"-1,0;1,0",1
monkey-business,10,0,"1,0",0
monkey-business,11,0,"0,1;1,0;1,1",1
monkey-business,12,0,"1,0",0
monkey-business,13,0,,0
monkey-business,14,0,,0
mud,1,0,"1,0",0
mud,2,0,"1,0",0
mud,3,0,"1,0",0
mud,4,0,"1,0",0
mud,5,0,"1,0",0
mud,6,0,"1,0",0
mud,7,0,"1,0",0
mud,8,0,"1,0",0
mud,9,0,"1,0",0
mud,10,0,"1,0",0
mud,11,0,"1,0",0
mud,12,0,"1,0",0
mud,13,0,,0
mud,14,0,,0
my-dream-in-the-drawer,1,0,"1,0",0
my-dream-in-the-drawer,2,0,"1,0",0
my-dream-in-the-drawer,3,0,"1,0",0
my-dream-in-the-drawer,4,0,"1,0",0
my-dream-in-the-drawer,5,0,"1,0",0
my-dream-in-the-drawer,6,0,"1,0",0
my-dream-in-the-drawer,7,0,"1,0",0
my-dream-in-the-drawer,8,0,"1,0",0
my-dream-in-the-drawer,9,0,"1,0",0
my-dream-in-the-drawer,10,0,"1,0",0
my-dream-in-the-drawer,11,0,"1,0",0
my-dream-in-the-drawer,12,0,"1,0",0
my-dream-in-the-drawer,13,0,"0,-1;0,1;1,-1;1,0;1,1",1
my-dream-in-the-drawer,14,0,,0
my-inside-weather,1,0,"1,0",0
my-inside-weather,2,0,"1,0",0
my-inside-weather,3,0,"1,0",0
my-inside-weather,4,0,"1,0",0
my-inside-weather,5,0,"1,0",0
my-inside-weather,6,0,"1,0",0
my-inside-weather,7,0,"1,0",0
my-inside-weather,8,0,"1,0",0
my-inside-weather,9,0,"1,0",0
my-inside-weather,10,0,"1,0",0
my-inside-weather,11,0,"1,0",0
my-inside-weather,12,0,"1,0",0
my-inside-weather,13,0,,0
my-inside-weather,14,0,,0
my-special-blankie,1,0,"1,0",0
my-special-blankie,2,0,"1,0",0
my-special-blankie,3,0,"1,0",0
my-special-blankie,4,0,"1,0",0
my-special-blankie,5,0,"1,0",0
my-special-blankie,6,0,"1,0",0
my-special-blankie,7,0,"1,0",0
my-special-blankie,8,0,"1,0",0
my-special-blankie,9,0,"1,0",0
my-special-blankie,10,0,"1,0",0
my-special-blankie,11,0,"1,0",0
my-special-blankie,12,0,"1,0",0
my-special-blankie,13,0,,0
my-special-blankie,14,0,,0
my-special-hair,1,0,"1,0",0
my-special-hair,2,0,"1,0",0
my-special-hair,3,0,"1,0",0
my-special-hair,4,0,"1,0",0
my-special-hair,5,0,"1,0",0
my-special-hair,6,0,"1,0",0
my-special-hair,7,0,"1,0",0
my-special-hair,8,0,"1,0",0
my-special-hair,9,0,"1,0",0
my-special-hair,10,0,"1,0",0
my-special-hair,11,0,"1,0",0
my-special-hair,12,0,"1,0",0
my-special-hair,13,0,,0
my-special-hair,14,0,,0
no,1,0,"1,0",0
no,2,0,"1,0",0
no,3,0,"1,0",0
no,4,0,"1,0",0
no,5,0,"1,0",0
no,6,0,"1,0",0
no,7,0,"1,0",0
no,8,0,"1,0",0
no,9,0,"1,0",0
no,10,0,"1,0",0
no,11,0,"1,0",0
no,12,0,"1,0",0
no,13,0,,0
no,14,0,,0
nomvundla-and-the-chilli-eating-contest,1,0,"1,0",0
nomvundla-and-the-chilli-eating-contest,2,0,,0
nomvundla-and-the-chilli-eating-contest,3,0,"1,0",0
nomvundla-and-the-chilli-eating-contest,4,0,"1,0",0
nomvundla-and-the-chilli-eating-contest,5,0,"1,0",0
nomvundla-and-the-chilli-eating-contest,6,0,"1,0",0
nomvundla-and-the-chilli-eating-contest,7,0,"1,0",0
nomvundla-and-the-chilli-eating-contest,8,0,"1,0",0
nomvundla-and-the-chilli-eating-contest,9,0,"1,0",0
nomvundla-and-the-chilli-eating-contest,10,0,"1,0",0
nomvundla-and-the-chilli-eating-contest,11,0,"1,0",0
nomvundla-and-the-chilli-eating-contest,12,0,"1,0",0
nomvundla-and-the-chilli-eating-contest,13,0,,0
nomvundla-and-the-chilli-eating-contest,14,0,,0
o-rain-come,1,0,"1,0",0
o-rain-come,2,0,"1,0",0
o-rain-come,3,0,"1,0",0
o-rain-come,4,0,"1,0",0
o-rain-come,5,0,"1,0",0
o-rain-come,6,0,"1,0",0
o-rain-come,7,0,"1,0",0
o-rain-come,8,0,"1,0",0
o-rain-come,9,0,"1,0",0
o-rain-come,10,0,"1,0",0
o-rain-come,11,0,"1,0",0
o-rain-come,12,0,"1,0",0
o-rain-come,13,0,,0
o-rain-come,14,0,,0
open-the-door,1,0,"1,0",0
open-the-door,2,0,"1,0",0
open-the-door,3,0,"1,0",0
open-the-door,4,0,"1,0",0
open-the-door,5,0,"1,0",0
open-the-door,6,0,"1,0;1,1",1
open-the-door,7,0,"1,0",0
open-the-door,8,0,"1,0",0
open-the-door,9,0,"1,0",0
open-the-door,10,0,"1,0",0
open-the-door,11,0,"1,0",0
open-the-door,12,0,"1,0",0
open-the-door,13,0,,0
open-the-door,14,0,,0
oumas-amazing-flowers,1,0,"1,0",0
oumas-amazing-flowers,2,0,"1,0",0
oumas-amazing-flowers,3,0,"1,0",0
oumas-amazing-flowers,4,0,"1,0",0
oumas-amazing-flowers,5,0,"1,0",0
oumas-amazing-flowers,6,0,"1,0",0
oumas-amazing-flowers,7,0,"1,0",0
oumas-amazing-flowers,8,0,"1,0",0
oumas-amazing-flowers,9,0,"1,0",0
oumas-amazing-flowers,10,0,"1,0",0
oumas-amazing-flowers,11,0,"1,0",0
oumas-amazing-flowers,12,0,"1,0",0
oumas-amazing-flowers,13,0,,0
oumas-amazing-flowers,14,0,,0
oyisa-and-the-giant-tree,1,0,"1,0",0
oyisa-and-the-giant-tree,2,0,"1,0",0
oyisa-and-the-giant-tree,3,0,"1,0",0
oyisa-and-the-giant-tree,4,0,"1,0",0
oyisa-and-the-giant-tree,5,0,"1,0",0
oyisa-and-the-giant-tree,6,0,"1,0",0
oyisa-and-the-giant-tree,7,0,"1,-1;1,0",1
oyisa-and-the-giant-tree,8,0,"1,0",0
oyisa-and-the-giant-tree,9,0,"1,0",0
oyisa-and-the-giant-tree,10,0,"1,0",0
oyisa-and-the-giant-tree,11,0,"1,0",0
oyisa-and-the-giant-tree,12,0,"1,0",0
oyisa-and-the-giant-tree,13,0,,0
oyisa-and-the-giant-tree,14,0,,0
pako-the-pigeon-disappears,1,0,"1,0",0
pako-the-pigeon-disappears,2,0,"1,0",0
pako-the-pigeon-disappears,3,0,"1,-1;1,0",1
pako-the-pigeon-disappears,4,0,"1,0",0
pako-the-pigeon-disappears,5,0,"1,0",0
pako-the-pigeon-disappears,6,0,"1,0",0
pako-the-pigeon-disappears,7,0,"0,1;1,0;1,1",1
pako-the-pigeon-disappears,8,0,"1,0",0
pako-the-pigeon-disappears,9,0,"1,0",0
pako-the-pigeon-disappears,10,0,"1,0",0
pako-the-pigeon-disappears,11,0,"1,0",0
pako-the-pigeon-disappears,12,0,"1,0",0
pako-the-pigeon-disappears,13,0,,0
pako-the-pigeon-disappears,14,0,,0
palesa-can-walk,1,0,"1,0",0
palesa-can-walk,2,0,"1,0",0
palesa-can-walk,3,0,"1,0",0
palesa-can-walk,4,0,"1,0",0
palesa-can-walk,5,0,"1,0",0
palesa-can-walk,6,0,"1,0",0
palesa-can-walk,7,0,"1,0",0
palesa-can-walk,8,0,"1,0",0
palesa-can-walk,9,0,"1,0",0
palesa-can-walk,10,0,"1,0",0
palesa-can-walk,11,0,"1,0",0
palesa-can-walk,12,0,"1,0",0
palesa-can-walk,13,0,,0
palesa-can-walk,14,0,,0
samoosas,1,0,"1,0",0
samoosas,2,0,"1,0",0
samoosas,3,0,"1,-1;1,0",1
samoosas,4,0,"1,0",0
samoosas,5,0,"1,0",0
samoosas,6,0,"1,0",0
samoosas,7,0,"1,0",0
samoosas,8,0,"1,0",0
samoosas,9,0,"1,0",0
samoosas,10,0,"1,0;1,1",1
samoosas,11,0,"1,0",0
samoosas,12,0,"0,-1",1
samoosas,13,0,,0
samoosas,14,0,"1,0",0
sams-treasures,1,0,"1,0",0
sams-treasures,2,0,"1,0",0
sams-treasures,3,0,"1,0",0
sams-treasures,4,0,"1,0",0
sams-treasures,5,0,"1,0",0
sams-treasures,6,0,"1,0",0
sams-treasures,7,0,"1,0",0
sams-treasures,8,0,"1,0",0
sams-treasures,9,0,"1,0",0
sams-treasures,10,0,"1,0",0
sams-treasures,11,0,"1,0",0
sams-treasures,12,0,"1,0",0
sams-treasures,13,0,,0
sams-treasures,14,0,,0
scared-tumi,1,0,"1,0",0
scared-tumi,2,0,"1,0",0
scared-tumi,3,0,"1,0",0
scared-tumi,4,0,"1,0",0
scared-tumi,5,0,"1,0",0
scared-tumi,6,0,"1,0",0
scared-tumi,7,0,"1,0",0
scared-tumi,8,0,"1,0",0
scared-tumi,9,0,"1,0",0
scared-tumi,10,0,"1,0",0
scared-tumi,11,0,"1,0",0
scared-tumi,12,0,"1,0",0
scared-tumi,13,0,,0
scared-tumi,14,0,,0
senzo-and-the-sun,1,0,"1,0",0
senzo-and-the-sun,2,0,"1,0",0
senzo-and-the-sun,3,0,"1,0",0
senzo-and-the-sun,4,0,"1,0",0
senzo-and-the-sun,5,0,"1,0",0
senzo-and-the-sun,6,0,"1,0",0
senzo-and-the-sun,7,0,"1,0",0
senzo-and-the-sun,8,0,"1,0",0
senzo-and-the-sun,9,0,"1,0",0
senzo-and-the-sun,10,0,"1,0",0
senzo-and-the-sun,11,0,"1,0",0
senzo-and-the-sun,12,0,"1,0",0
senzo-and-the-sun,13,0,,0
senzo-and-the-sun,14,0,,0
shaka-and-mazi,1,0,"1,0",0
shaka-and-mazi,2,0,"1,0",0
shaka-and-mazi,3,0,"1,0",0
shaka-and-mazi,4,0,"1,0",0
shaka-and-mazi,5,0,"1,0",0
shaka-and-mazi,6,0,"1,0",0
shaka-and-mazi,7,0,"1,0",0
shaka-and-mazi,8,0,"1,0",0
shaka-and-mazi,9,0,"1,0",0
shaka-and-mazi,10,0,"1,0",0
shaka-and-mazi,11,0,"1,0",0
shaka-and-mazi,12,0,"1,0",0
shaka-and-mazi,13,0,,0
shaka-and-mazi,14,0,,0
shhhhh,1,0,"0,-1;1,-1;1,0",1
shhhhh,2,0,"0,1;1,0",1
shhhhh,3,0,"1,0",0
shhhhh,4,0,"1,-1;1,0",1
shhhhh,5,0,"1,0",0
shhhhh,6,0,"1,-1;1,0",1
shhhhh,7,0,"1,0",0
shhhhh,8,0,"1,0",0
shhhhh,9,0,"1,-1;1,0",1
shhhhh,10,0,"1,0",0
shhhhh,11,0,"1,0",0
shhhhh,12,0,"0,1;1,-1;1,0;1,1",1
shhhhh,13,0,,0
shhhhh,14,0,,0
sing-to-me,1,0,"1,0",0
sing-to-me,2,0,"1,0",0
sing-to-me,3,0,"1,0",0
sing-to-me,4,0,"1,0",0
sing-to-me,5,0,"1,0",0
sing-to-me,6,0,"1,0",0
sing-to-me,7,0,"1,0",0
sing-to-me,8,0,"1,0",0
sing-to-me,9,0,"1,0",0
sing-to-me,10,0,"1,0",0
sing-to-me,11,0,"1,0",0
sing-to-me,12,0,"1,0",0
sing-to-me,13,0,,0
sing-to-me,14,0,,0
small-birds-big-adventure,1,0,"1,0",0
small-birds-big-adventure,2,0,"1,0",0
small-birds-big-adventure,3,0,"1,0",0
small-birds-big-adventure,4,0,,0
small-birds-big-adventure,5,0,"1,0",0
small-birds-big-adventure,6,0,"1,0",0
small-birds-big-adventure,7,0,"1,0",0
small-birds-big-adventure,8,0,"1,0",0
small-birds-big-adventure,9,0,"1,0",0
small-birds-big-adventure,10,0,"1,0",0
small-birds-big-adventure,11,0,"1,0",0
small-birds-big-adventure,12,0,"1,0",0
small-birds-big-adventure,13,0,,0
small-birds-big-adventure,14,0,,0
tata-comes-home,1,0,"1,0",0
tata-comes-home,2,0,"1,0",0
tata-comes-home,3,0,"1,0",0
tata-comes-home,4,0,"1,0",0
tata-comes-home,5,0,"1,0",0
tata-comes-home,6,0,"1,0",0
tata-comes-home,7,0,"1,0",0
tata-comes-home,8,0,"1,0",0
tata-comes-home,9,0,"1,0",0
tata-comes-home,10,0,"1,0",0
tata-comes-home,11,0,"1,0",0
tata-comes-home,12,0,"1,0",0
tata-comes-home,13,0,,0
tata-comes-home,14,0,,0
tejus-shadow,1,0,"1,0",0
tejus-shadow,2,0,"1,0",0
tejus-shadow,3,0,"1,0",0
tejus-shadow,4,0,"1,0",0
tejus-shadow,5,0,"1,0",0
tejus-shadow,6,0,"1,0",0
tejus-shadow,7,0,"1,-1;1,0",1
tejus-shadow,8,0,"1,0",0
tejus-shadow,9,0,"1,0",0
tejus-shadow,10,0,"0,-1;0,1;1,0",1
tejus-shadow,11,0,"1,0",0
tejus-shadow,12,0,"1,0",0
tejus-shadow,13,0,,0
tejus-shadow,14,0,,0
thats-not-thabi-thats-a-hippopotamus,1,0,"1,0",0
thats-not-thabi-thats-a-hippopotamus,2,0,"1,0",0
thats-not-thabi-thats-a-hippopotamus,3,0,"1,0",0
thats-not-thabi-thats-a-hippopotamus,4,0,"1,0",0
thats-not-thabi-thats-a-hippopotamus,5,0,"1,0",0
thats-not-thabi-thats-a-hippopotamus,6,0,"1,0",0
thats-not-thabi-thats-a-hippopotamus,7,0,"1,0",0
thats-not-thabi-thats-a-hippopotamus,8,0,"1,0",0
thats-not-thabi-thats-a-hippopotamus,9,0,"1,0",0
thats-not-thabi-thats-a-hippopotamus,10,0,"1,0",0
thats-not-thabi-thats-a-hippopotamus,11,0,"1,0",0
thats-not-thabi-thats-a-hippopotamus,12,0,"1,0",0
thats-not-thabi-thats-a-hippopotamus,13,0,,0
thats-not-thabi-thats-a-hippopotamus,14,0,,0
the-baby-book,1,0,"1,0",0
the-baby-book,2,0,"1,0",0
the-baby-book,3,0,"1,0",0
the-baby-book,4,0,"1,0",0
the-baby-book,5,0,"1,0",0
the-baby-book,6,0,"1,0",0
the-baby-book,7,0,"1,0",0
the-baby-book,8,0,"1,0",0
the-baby-book,9,0,"1,0",0
the-baby-book,10,0,"1,0",0
the-baby-book,11,0,"1,0",0
the-baby-book,12,0,"1,0",0
the-baby-book,13,0,,0
the-baby-book,14,0,"1,0",0
the-best-gift,1,0,"1,0",0
the-best-gift,2,0,"1,0",0
the-best-gift,3,0,"1,0",0
the-best-gift,4,0,"1,0",0
the-best-gift,5,0,"1,-1;1,0",1
the-best-gift,6,0,"1,0",0
the-best-gift,7,0,"1,0",0
the-best-gift,8,0,"1,0",0
the-best-gift,9,0,"1,-1;1,0",1
the-best-gift,10,0,"1,-1;1,0;1,1",1
the-best-gift,11,0,"1,0",0
the-best-gift,12,0,"0,-1;0,1;1,-1;1,0;1,1",1
the-best-gift,13,0,,0
the-best-gift,14,0,,0
the-best-nest,1,0,"1,0",0
the-best-nest,2,0,"1,0",0
the-best-nest,3,0,"1,0",0
the-best-nest,4,0,"1,0",0
the-best-nest,5,0,"1,0",0
the-best-nest,6,0,"1,0",0
the-best-nest,7,0,"1,0",0
the-best-nest,8,0,"1,0",0
the-best-nest,9,0,"1,0",0
the-best-nest,10,0,"1,0",0
the-best-nest,11,0,"1,0",0
the-best-nest,12,0,"1,0",0
the-best-nest,13,0,,0
the-best-nest,14,0,,0
the-biscuit-jar-must-fall,1,0,"1,0",0
the-biscuit-jar-must-fall,2,0,"1,0",0
the-biscuit-jar-must-fall,3,0,"1,0",0
the-biscuit-jar-must-fall,4,0,"1,0",0
the-biscuit-jar-must-fall,5,0,"1,0",0
the-biscuit-jar-must-fall,6,0,"1,0",0
the-biscuit-jar-must-fall,7,0,"1,0",0
the-biscuit-jar-must-fall,8,0,"1,0",0
the-biscuit-jar-must-fall,9,0,"1,0",0
the-biscuit-jar-must-fall,10,0,"1,0",0
the-biscuit-jar-must-fall,11,0,"1,0",0
the-biscuit-jar-must-fall,12,0,"1,0",0
the-biscuit-jar-must-fall,13,0,,0
the-biscuit-jar-must-fall,14,0,,0
the-bounce,1,0,"1,0",0
the-bounce,2,0,"1,0",0
the-bounce,3,0,"1,0",0
the-bounce,4,0,"1,0",0
the-bounce,5,0,"1,0",0
the-bounce,6,0,"1,0",0
the-bounce,7,0,"1,0",0
the-bounce,8,0,"1,0",0
the-bounce,9,0,"1,0",0
the-bounce,10,0,"1,0",0
the-bounce,11,0,"1,0",0
the-bounce,12,0,"1,0",0
the-bounce,13,0,,0
the-bounce,14,0,,0
the-box,1,0,"1,0",0
the-box,2,0,"1,0",0
the-box,3,0,"1,0",0
the-box,4,0,"1,0",0
the-box,5,0,"1,0",0
the-box,6,0,"1,0",0
the-box,7,0,"1,-1;1,0",1
the-box,8,0,"1,0",0
the-box,9,0,"1,0;1,1",1
the-box,10,0,"1,0",0
the-box,11,0,"0,1;1,1",1
the-box,12,0,"1,0",0
the-box,13,0,,0
the-box,14,0,,0
the-boy-who-only-ate-pancakes,1,0,"1,0",0
the-boy-who-only-ate-pancakes,2,0,"1,0",0
the-boy-who-only-ate-pancakes,3,0,"1,0",0
the-boy-who-only-ate-pancakes,4,0,"1,0",0
the-boy-who-only-ate-pancakes,5,0,"1,0",0
the-boy-who-only-ate-pancakes,6,0,"1,0",0
the-boy-who-only-ate-pancakes,7,0,"1,0",0
the-boy-who-only-ate-pancakes,8,0,"1,0",0
the-boy-who-only-ate-pancakes,9,0,"1,0",0
the-boy-who-only-ate-pancakes,10,0,"1,0",0
the-boy-who-only-ate-pancakes,11,0,"1,0",0
the-boy-who-only-ate-pancakes,12,0,"1,0",0
the-boy-who-only-ate-pancakes,13,0,"1,0",0
the-boy-who-only-ate-pancakes,14,0,,0
the-cottonwool-doctor,1,0,"1,0",0
the-cottonwool-doctor,2,0,"1,0",0
the-cottonwool-doctor,3,0,"1,0",0
the-cottonwool-doctor,4,0,"1,0",0
the-cottonwool-doctor,5,0,"1,0",0
the-cottonwool-doctor,6,0,"1,0",0
the-cottonwool-doctor,7,0,"1,0",0
the-cottonwool-doctor,8,0,"1,0",0
the-cottonwool-doctor,9,0,"1,0",0
the-cottonwool-doctor,10,0,"1,0",0
the-cottonwool-doctor,11,0,"1,0",0
the-cottonwool-doctor,12,0,"1,0",0
the-cottonwool-doctor,13,0,,0
the-cottonwool-doctor,14,0,,0
the-dream-pillow,1,0,"1,0",0
the-dream-pillow,2,0,"1,0",0
the-dream-pillow,3,0,"1,0",0
the-dream-pillow,4,0,"1,0",0
the-dream-pillow,5,0,"1,0",0
the-dream-pillow,6,0,"1,0",0
the-dream-pillow,7,0,"1,0",0
the-dream-pillow,8,0,"1,0",0
the-dream-pillow,9,0,"1,0",0
the-dream-pillow,10,0,,0
the-dream-pillow,11,0,,0
the-dream-pillow,12,0,"1,0",0
the-dream-pillow,13,0,,0
the-dream-pillow,14,0,"1,0",0
the-fish-and-chickens-wedding,1,0,"1,0",0
the-fish-and-chickens-wedding,2,0,"1,0",0
the-fish-and-chickens-wedding,3,0,"1,0",0
the-fish-and-chickens-wedding,4,0,"1,0",0
the-fish-and-chickens-wedding,5,0,"1,0",0
the-fish-and-chickens-wedding,6,0,"1,0",0
the-fish-and-chickens-wedding,7,0,"1,0",0
the-fish-and-chickens-wedding,8,0,"1,0",0
the-fish-and-chickens-wedding,9,0,"1,0",0
the-fish-and-chickens-wedding,10,0,"1,0",0
the-fish-and-chickens-wedding,11,0,"1,0",0
the-fish-and-chickens-wedding,12,0,"1,0",0
the-fish-and-chickens-wedding,13,0,,0
the-fish-and-chickens-wedding,14,0,,0
the-fish-that-couldnt-swim,1,0,"1,0",0
the-fish-that-couldnt-swim,2,0,"1,0",0
the-fish-that-couldnt-swim,3,0,"1,0",0
the-fish-that-couldnt-swim,4,0,"1,0",0
the-fish-that-couldnt-swim,5,0,"1,0",0
the-fish-that-couldnt-swim,6,0,"1,0",0
the-fish-that-couldnt-swim,7,0,"1,0",0
the-fish-that-couldnt-swim,8,0,"1,0",0
the-fish-that-couldnt-swim,9,0,"1,0",0
the-fish-that-couldnt-swim,10,0,,0
the-fish-that-couldnt-swim,11,0,"1,0",0
the-fish-that-couldnt-swim,12,0,,0
the-fish-that-couldnt-swim,13,0,,0
the-fish-that-couldnt-swim,14,0,,0
the-great-cake-contest,1,0,"1,0",0
the-great-cake-contest,2,0,"1,0",0
the-great-cake-contest,3,0,"1,0",0
the-great-cake-contest,4,0,"1,0",0
the-great-cake-contest,5,0,"1,0",0
the-great-cake-contest,6,0,"1,0",0
the-great-cake-contest,7,0,"1,0",0
the-great-cake-contest,8,0,"1,0",0
the-great-cake-contest,9,0,"1,0",0
the-great-cake-contest,10,0,"1,0",0
the-great-cake-contest,11,0,"1,0",0
the-great-cake-contest,12,0,"1,0",0
the-great-cake-contest,13,0,,0
the-great-cake-contest,14,0,"1,0",0
the-great-tidy-up,1,0,"1,0",0
the-great-tidy-up,2,0,"1,0",0
the-great-tidy-up,3,0,"1,0",0
the-great-tidy-up,4,0,"1,0",0
the-great-tidy-up,5,0,"1,0",0
the-great-tidy-up,6,0,"1,0",0
the-great-tidy-up,7,0,"1,0",0
the-great-tidy-up,8,0,"1,0",0
the-great-tidy-up,9,0,"1,0",0
the-great-tidy-up,10,0,"1,0",0
the-great-tidy-up,11,0,"1,0",0
the-great-tidy-up,12,0,"1,0",0
the-great-tidy-up,13,0,,0
the-great-tidy-up,14,0,,0
the-lazy-ant,1,0,"1,0",0
the-lazy-ant,2,0,"1,0",0
the-lazy-ant,3,0,"1,0",0
the-lazy-ant,4,0,"1,0",0
the-lazy-ant,5,0,"1,0",0
the-lazy-ant,6,0,"1,0",0
the-lazy-ant,7,0,"1,0",0
the-lazy-ant,8,0,"1,0",0
the-lazy-ant,9,0,"1,0",0
the-lazy-ant,10,0,"1,0",0
the-lazy-ant,11,0,"1,0",0
the-lazy-ant,12,0,"1,0",0
the-lazy-ant,13,0,,0
the-lazy-ant,14,0,,0
the-lost-laugh,1,0,"1,0",0
the-lost-laugh,2,0,"1,0",0
the-lost-laugh,3,0,"1,0",0
the-lost-laugh,4,0,"1,0",0
the-lost-laugh,5,0,"1,0",0
the-lost-laugh,6,0,"1,0",0
the-lost-laugh,7,0,"1,0",0
the-lost-laugh,8,0,"1,0",0
the-lost-laugh,9,0,"1,0",0
the-lost-laugh,10,0,"1,0",0
the-lost-laugh,11,0,"1,0",0
the-lost-laugh,12,0,"1,0",0
the-lost-laugh,13,0,,0
the-lost-laugh,14,0,,0
the-memory-tree,1,0,"1,0",0
the-memory-tree,2,0,"1,0",0
the-memory-tree,3,0,"1,0",0
the-memory-tree,4,0,"1,0",0
the-memory-tree,5,0,"1,0",0
the-memory-tree,6,0,"1,0",0
the-memory-tree,7,0,"1,0",0
the-memory-tree,8,0,"1,0",0
the-memory-tree,9,0,"1,0",0
the-memory-tree,10,0,"1,0",0
the-memory-tree,11,0,"1,0",0
the-memory-tree,12,0,"1,0",0
the-memory-tree,13,0,,0
the-memory-tree,14,0,,0
the-monster-must-go,1,0,"1,0",0
the-monster-must-go,2,0,"1,0",0
the-monster-must-go,3,0,"1,0",0
the-monster-must-go,4,0,"1,-1;1,0;1,1",1
the-monster-must-go,5,0,"1,0;1,1",1
the-monster-must-go,6,0,"1,0",0
the-monster-must-go,7,0,"1,0;1,1",1
the-monster-must-go,8,0,"0,-1;1,-1;1,0;1,1",1
the-monster-must-go,9,0,"1,0",0
the-monster-must-go,10,0,"0,-1;1,-1;1,0;1,1",1
the-monster-must-go,11,0,"1,0",0
the-monster-must-go,12,0,"1,0",0
the-monster-must-go,13,0,,0
the-monster-must-go,14,0,,0
the-new-road,1,0,"1,0",0
the-new-road,2,0,"1,0",0
the-new-road,3,0,"1,0",0
the-new-road,4,0,"1,0",0
the-new-road,5,0,"1,0",0
the-new-road,6,0,"1,0",0
the-new-road,7,0,"1,0",0
the-new-road,8,0,"1,0",0
the-new-road,9,0,"1,0",0
the-new-road,10,0,"1,0",0
the-new-road,11,0,"1,0",0
the-new-road,12,0,"1,0",0
the-new-road,13,0,,0
the-new-road,14,0,,0
the-one-in-the-middle,1,0,"1,0",0
the-one-in-the-middle,2,0,"1,0",0
the-one-in-the-middle,3,0,"1,0",0
the-one-in-the-middle,4,0,"1,0",0
the-one-in-the-middle,5,0,"1,0",0
the-one-in-the-middle,6,0,,0
the-one-in-the-middle,7,0,"1,0",0
the-one-in-the-middle,8,0,"1,0",0
the-one-in-the-middle,9,0,"1,0",0
the-one-in-the-middle,10,0,"1,0",0
the-one-in-the-middle,11,0,"1,0",0
the-one-in-the-middle,12,0,,0
the-one-in-the-middle,13,0,,0
the-one-in-the-middle,14,0,,0
the-pumpkin-chase,1,0,"1,0",0
the-pumpkin-chase,2,0,"1,0",0
the-pumpkin-chase,3,0,"1,0",0
the-pumpkin-chase,4,0,"1,0",0
the-pumpkin-chase,5,0,"1,0",0
the-pumpkin-chase,6,0,"1,0",0
the-pumpkin-chase,7,0,"1,0",0
the-pumpkin-chase,8,0,"1,0",0
the-pumpkin-chase,9,0,"1,0",0
the-pumpkin-chase,10,0,"1,0",0
the-pumpkin-chase,11,0,"1,0",0
the-pumpkin-chase,12,0,"1,0",0
the-pumpkin-chase,13,0,,0
the-pumpkin-chase,14,0,,0
the-rainbow-cloud,1,0,"1,0",0
the-rainbow-cloud,2,0,"1,0",0
the-rainbow-cloud,3,0,"1,0",0
the-rainbow-cloud,4,0,"1,0",0
the-rainbow-cloud,5,0,"1,0",0
the-rainbow-cloud,6,0,"1,0",0
the-rainbow-cloud,7,0,"1,0",0
the-rainbow-cloud,8,0,"1,0",0
the-rainbow-cloud,9,0,"1,0",0
the-rainbow-cloud,10,0,"1,0",0
the-rainbow-cloud,11,0,"1,0",0
the-rainbow-cloud,12,0,"1,0",0
the-rainbow-cloud,13,0,,0
the-rainbow-cloud,14,0,,0
the-sausage-dog,1,0,"1,0",0
the-sausage-dog,2,0,"1,0",0
the-sausage-dog,3,0,"1,0",0
the-sausage-dog,4,0,"1,0",0
the-sausage-dog,5,0,"1,0",0
the-sausage-dog,6,0,"1,0",0
the-sausage-dog,7,0,"1,0",0
the-sausage-dog,8,0,"1,0",0
the-sausage-dog,9,0,"1,0",0
the-sausage-dog,10,0,"1,0",0
the-sausage-dog,11,0,"1,0",0
the-sausage-dog,12,0,"1,0",0
the-sausage-dog,13,0,,0
the-sausage-dog,14,0,,0
the-sea,1,0,"1,0",0
the-sea,2,0,"1,0",0
the-sea,3,0,"1,0",0
the-sea,4,0,"1,0",0
the-sea,5,0,,0
the-sea,6,0,"1,0",0
the-sea,7,0,"1,0",0
the-sea,8,0,"1,0",0
the-sea,9,0,"1,0",0
the-sea,10,0,"1,0",0
the-sea,11,0,"1,0",0
the-sea,12,0,"1,0",0
the-sea,13,0,,0
the-sea,14,0,,0
the-things-that-really-matter,1,0,"1,0",0
the-things-that-really-matter,2,0,"1,0",0
the-things-that-really-matter,3,0,"1,0",0
the-things-that-really-matter,4,0,"1,0",0
the-things-that-really-matter,5,0,"1,0",0
the-things-that-really-matter,6,0,"1,0",0
the-things-that-really-matter,7,0,"1,0",0
the-things-that-really-matter,8,0,"1,0",0
the-things-that-really-matter,9,0,"1,0",0
the-things-that-really-matter,10,0,"1,0",0
the-things-that-really-matter,11,0,"1,0",0
the-things-that-really-matter,12,0,"1,0",0
the-things-that-really-matter,13,0,,0
the-things-that-really-matter,14,0,,0
the-three-doof-doofs,1,0,"1,0",0
the-three-doof-doofs,2,0,"1,0",0
the-three-doof-doofs,3,0,"1,0",0
the-three-doof-doofs,4,0,"1,0",0
the-three-doof-doofs,5,0,"1,0",0
the-three-doof-doofs,6,0,"1,0",0
the-three-doof-doofs,7,0,"1,0;1,1",1
the-three-doof-doofs,8,0,"1,0;1,1",1
the-three-doof-doofs,9,0,"1,0",0
the-three-doof-doofs,10,0,"1,0",0
the-three-doof-doofs,11,0,"1,0",0
the-three-doof-doofs,12,0,"1,0",0
the-three-doof-doofs,13,0,,0
the-three-doof-doofs,14,0,,0
the-very-tired-lioness,1,0,"1,0",0
the-very-tired-lioness,2,0,"1,0",0
the-very-tired-lioness,3,0,"1,0",0
the-very-tired-lioness,4,0,"1,0",0
the-very-tired-lioness,5,0,"1,0",0
the-very-tired-lioness,6,0,"1,0",0
the-very-tired-lioness,7,0,"1,0",0
the-very-tired-lioness,8,0,"1,0",0
the-very-tired-lioness,9,0,"1,0",0
the-very-tired-lioness,10,0,"1,0",0
the-very-tired-lioness,11,0,"1,0",0
the-very-tired-lioness,12,0,"1,0",0
the-very-tired-lioness,13,0,,0
the-very-tired-lioness,14,0,,0
the-window-seat,1,0,"1,0",0
the-window-seat,2,0,"1,0",0
the-window-seat,3,0,"1,0",0
the-window-seat,4,0,"1,0",0
the-window-seat,5,0,"1,0",0
the-window-seat,6,0,"1,0",0
the-window-seat,7,0,"1,0",0
the-window-seat,8,0,"1,0",0
the-window-seat,9,0,"1,0",0
the-window-seat,10,0,"1,0",0
the-window-seat,11,0,"1,0",0
the-window-seat,12,0,"1,0",0
the-window-seat,13,0,,0
the-window-seat,14,0,,0
theres-a-fire-on-the-mountain,1,0,"1,0",0
theres-a-fire-on-the-mountain,2,0,"1,0",0
theres-a-fire-on-the-mountain,3,0,"1,0",0
theres-a-fire-on-the-mountain,4,0,"1,0",0
theres-a-fire-on-the-mountain,5,0,"1,0",0
theres-a-fire-on-the-mountain,6,0,"1,0",0
theres-a-fire-on-the-mountain,7,0,"1,0",0
theres-a-fire-on-the-mountain,8,0,"1,0",0
theres-a-fire-on-the-mountain,9,0,"1,0",0
theres-a-fire-on-the-mountain,10,0,"0,-1;0,1;1,-1;1,0;1,1",1
theres-a-fire-on-the-mountain,11,0,"1,0",0
theres-a-fire-on-the-mountain,12,0,"1,0",0
theres-a-fire-on-the-mountain,13,0,,0
theres-a-fire-on-the-mountain,14,0,,0
theres-an-alien-in-my-house,1,0,"1,0",0
theres-an-alien-in-my-house,2,0,"1,0",0
theres-an-alien-in-my-house,3,0,"1,0",0
theres-an-alien-in-my-house,4,0,"1,0",0
theres-an-alien-in-my-house,5,0,"0,-1;1,-1;1,0;1,1",1
theres-an-alien-in-my-house,6,0,"1,0",0
theres-an-alien-in-my-house,7,0,"1,0",0
theres-an-alien-in-my-house,8,0,"1,0",0
theres-an-alien-in-my-house,9,0,"1,0",0
theres-an-alien-in-my-house,10,0,"1,0",0
theres-an-alien-in-my-house,11,0,"1,0",0
theres-an-alien-in-my-house,12,0,"1,0",0
theres-an-alien-in-my-house,13,0,,0
theres-an-alien-in-my-house,14,0,,0
thuli-special-and-the-secret,1,0,"1,0",0
thuli-special-and-the-secret,2,0,"1,0",0
thuli-special-and-the-secret,3,0,"1,0",0
thuli-special-and-the-secret,4,0,"1,0",0
thuli-special-and-the-secret,5,0,"1,0",0
thuli-special-and-the-secret,6,0,"1,0",0
thuli-special-and-the-secret,7,0,"1,0",0
thuli-special-and-the-secret,8,0,"1,0",0
thuli-special-and-the-secret,9,0,"1,0",0
thuli-special-and-the-secret,10,0,"1,0",0
thuli-special-and-the-secret,11,0,"1,0",0
thuli-special-and-the-secret,12,0,"1,0",0
thuli-special-and-the-secret,13,0,,0
thuli-special-and-the-secret,14,0,,0
thulis-tissue,1,0,"1,0",0
thulis-tissue,2,0,"1,0",0
thulis-tissue,3,0,"1,0",0
thulis-tissue,4,0,"1,0",0
thulis-tissue,5,0,"1,-1;1,0;1,1",1
thulis-tissue,6,0,"1,0",0
thulis-tissue,7,0,,0
thulis-tissue,8,0,"1,0",0
thulis-tissue,9,0,"1,0",0
thulis-tissue,10,0,"0,1",1
thulis-tissue,11,0,,0
thulis-tissue,12,0,"1,0",0
thulis-tissue,13,0,,0
thulis-tissue,14,0,,0
tigs-world,1,0,"1,0",0
tigs-world,2,0,"1,0",0
tigs-world,3,0,"1,0",0
tigs-world,4,0,"1,0",0
tigs-world,5,0,"1,0",0
tigs-world,6,0,"1,0",0
tigs-world,7,0,"1,0",0
tigs-world,8,0,"1,0",0
tigs-world,9,0,"1,0",0
tigs-world,10,0,"1,0",0
tigs-world,11,0,"1,0",0
tigs-world,12,0,"1,0",0
tigs-world,13,0,,0
tigs-world,14,0,,0
tikky-boom-tish,1,0,"1,0",0
tikky-boom-tish,2,0,"1,0",0
tikky-boom-tish,3,0,"1,0",0
tikky-boom-tish,4,0,"1,0",0
tikky-boom-tish,5,0,"1,0",0
tikky-boom-tish,6,0,"1,0",0
tikky-boom-tish,7,0,"1,0",0
tikky-boom-tish,8,0,"1,0",0
tikky-boom-tish,9,0,"1,0",0
tikky-boom-tish,10,0,,0
tikky-boom-tish,11,0,,0
tikky-boom-tish,12,0,,0
tikky-boom-tish,13,0,,0
tikky-boom-tish,14,0,,0
tlotlegos-tea-party,1,0,"1,0",0
tlotlegos-tea-party,2,0,"1,0",0
tlotlegos-tea-party,3,0,"1,0",0
tlotlegos-tea-party,4,0,"1,0",0
tlotlegos-tea-party,5,0,"1,0",0
tlotlegos-tea-party,6,0,"1,0",0
tlotlegos-tea-party,7,0,"1,0",0
tlotlegos-tea-party,8,0,"1,0",0
tlotlegos-tea-party,9,0,"1,0",0
tlotlegos-tea-party,10,0,"1,0",0
tlotlegos-tea-party,11,0,"1,0",0
tlotlegos-tea-party,12,0,"1,0",0
tlotlegos-tea-party,13,0,,0
tlotlegos-tea-party,14,0,,0
tones-big-drop,1,0,"1,0",0
tones-big-drop,2,0,,0
tones-big-drop,3,0,"1,0",0
tones-big-drop,4,0,"1,0",0
tones-big-drop,5,0,"1,0",0
tones-big-drop,6,0,"1,0",0
tones-big-drop,7,0,"1,0",0
tones-big-drop,8,0,"1,0",0
tones-big-drop,9,0,"1,0",0
tones-big-drop,10,0,"1,0",0
tones-big-drop,11,0,"1,0",0
tones-big-drop,12,0,"1,0",0
tones-big-drop,13,0,,0
tones-big-drop,14,0,,0
tumi-goes-to-the-park,1,0,"1,0",0
tumi-goes-to-the-park,2,0,"1,0",0
tumi-goes-to-the-park,3,0,"1,0",0
tumi-goes-to-the-park,4,0,"1,0",0
tumi-goes-to-the-park,5,0,"1,0",0
tumi-goes-to-the-park,6,0,"1,0",0
tumi-goes-to-the-park,7,0,"1,0",0
tumi-goes-to-the-park,8,0,"1,0",0
tumi-goes-to-the-park,9,0,,0
tumi-goes-to-the-park,10,0,"1,0",0
tumi-goes-to-the-park,11,0,"1,0",0
tumi-goes-to-the-park,12,0,"1,0",0
tumi-goes-to-the-park,13,0,,0
tumi-goes-to-the-park,14,0,,0
unathi-and-the-dirty-smelly-beast,1,0,"1,0",0
unathi-and-the-dirty-smelly-beast,2,0,"1,0",0
unathi-and-the-dirty-smelly-beast,3,0,"1,0",0
unathi-and-the-dirty-smelly-beast,4,0,"1,0",0
unathi-and-the-dirty-smelly-beast,5,0,"1,0",0
unathi-and-the-dirty-smelly-beast,6,0,"1,0",0
unathi-and-the-dirty-smelly-beast,7,0,"1,0",0
unathi-and-the-dirty-smelly-beast,8,0,"1,0",0
unathi-and-the-dirty-smelly-beast,9,0,"1,0",0
unathi-and-the-dirty-smelly-beast,10,0,"1,0",0
unathi-and-the-dirty-smelly-beast,11,0,"1,0",0
unathi-and-the-dirty-smelly-beast,12,0,"1,0",0
unathi-and-the-dirty-smelly-beast,13,0,,0
unathi-and-the-dirty-smelly-beast,14,0,,0
whats-at-the-park,1,0,"1,0",0
whats-at-the-park,2,0,"1,0",0
whats-at-the-park,3,0,"1,0",0
whats-at-the-park,4,0,"1,0",0
whats-at-the-park,5,0,"1,0",0
whats-at-the-park,6,0,"1,0",0
whats-at-the-park,7,0,"1,0",0
whats-at-the-park,8,0,"1,0",0
whats-at-the-park,9,0,"1,0",0
whats-at-the-park,10,0,"1,0",0
whats-at-the-park,11,0,"1,0",0
whats-at-the-park,12,0,"1,0",0
whats-at-the-park,13,0,,0
whats-at-the-park,14,0,,0
whats-happened-to-our-water,1,0,"1,-1;1,0",1
whats-happened-to-our-water,2,0,"1,0",0
whats-happened-to-our-water,3,0,"1,-1;1,0",1
whats-happened-to-our-water,4,0,"1,0",0
whats-happened-to-our-water,5,0,"0,1;1,-1;1,0;1,1",1
whats-happened-to-our-water,6,0,"1,0",0
whats-happened-to-our-water,7,0,"0,1;1,0;1,1",1
whats-happened-to-our-water,8,0,"1,0",0
whats-happened-to-our-water,9,0,"1,0",0
whats-happened-to-our-water,10,0,"1,0",0
whats-happened-to-our-water,11,0,"0,1;1,0;1,1",1
whats-happened-to-our-water,12,0,"1,0",0
whats-happened-to-our-water,13,0,,0
whats-happened-to-our-water,14,0,,0
whats-in-the-pot,1,0,"1,0",0
whats-in-the-pot,2,0,"1,0",0
whats-in-the-pot,3,0,"1,0",0
whats-in-the-pot,4,0,"1,0",0
whats-in-the-pot,5,0,"1,0",0
whats-in-the-pot,6,0,"1,0",0
whats-in-the-pot,7,0,"1,0",0
whats-in-the-pot,8,0,"1,0",0
whats-in-the-pot,9,0,"1,0",0
whats-in-the-pot,10,0,"1,0",0
whats-in-the-pot,11,0,"1,0",0
whats-in-the-pot,12,0,"1,0",0
whats-in-the-pot,13,0,,0
whats-in-the-pot,14,0,,0
whats-next,1,0,"1,0",0
whats-next,2,0,"1,0",0
whats-next,3,0,"1,0",0
whats-next,4,0,"1,0",0
whats-next,5,0,"1,0",0
whats-next,6,0,"1,0",0
whats-next,7,0,"1,0",0
whats-next,8,0,"1,0",0
whats-next,9,0,,0
whats-next,10,0,"1,0",0
whats-next,11,0,"1,0",0
whats-next,12,0,"1,0",0
whats-next,13,0,,0
whats-next,14,0,,0
where-is-lulu,1,0,"1,0",0
where-is-lulu,2,0,"1,0",0
where-is-lulu,3,0,"1,0",0
where-is-lulu,4,0,"1,0",0
where-is-lulu,5,0,"1,0",0
where-is-lulu,6,0,"1,0",0
where-is-lulu,7,0,"1,0",0
where-is-lulu,8,0,"1,0",0
where-is-lulu,9,0,"1,0",0
where-is-lulu,10,0,"1,0",0
where-is-lulu,11,0,"1,0",0
where-is-lulu,12,0,"1,0",0
where-is-lulu,13,0,,0
where-is-lulu,14,0,,0
where-is-thabo,1,0,"1,0",0
where-is-thabo,2,0,"1,0",0
where-is-thabo,3,0,"1,0",0
where-is-thabo,4,0,"1,0",0
where-is-thabo,5,0,"1,0",0
where-is-thabo,6,0,"1,0",0
where-is-thabo,7,0,"1,0",0
where-is-thabo,8,0,"1,0",0
where-is-thabo,9,0,"1,0",0
where-is-thabo,10,0,"1,0",0
where-is-thabo,11,0,"1,0",0
where-is-thabo,12,0,"1,0",0
where-is-thabo,13,0,,0
where-is-thabo,14,0,,0
who-takes-the-train,1,0,"1,0",0
who-takes-the-train,2,0,"1,0",0
who-takes-the-train,3,0,"1,0",0
who-takes-the-train,4,0,"1,0",0
who-takes-the-train,5,0,"1,0",0
who-takes-the-train,6,0,"1,0",0
who-takes-the-train,7,0,"1,0",0
who-takes-the-train,8,0,"1,0",0
who-takes-the-train,9,0,"1,0",0
who-takes-the-train,10,0,"1,0",0
who-takes-the-train,11,0,"1,0",0
who-takes-the-train,12,0,"1,0",0
who-takes-the-train,13,0,,0
who-takes-the-train,14,0,,0
who-took-my-shoe,1,0,"1,0",0
who-took-my-shoe,2,0,"1,0",0
who-took-my-shoe,3,0,"1,0",0
who-took-my-shoe,4,0,"1,0",0
who-took-my-shoe,5,0,"1,0",0
who-took-my-shoe,6,0,"1,0",0
who-took-my-shoe,7,0,"1,0",0
who-took-my-shoe,8,0,"1,0",0
who-took-my-shoe,9,0,"1,0",0
who-took-my-shoe,10,0,"1,0",0
who-took-my-shoe,11,0,"1,0",0
who-took-my-shoe,12,0,,0
who-took-my-shoe,13,0,,0
who-took-my-shoe,14,0,,0
whos-that-baby,1,0,"1,0",0
whos-that-baby,2,0,"1,0",0
whos-that-baby,3,0,"1,0",0
whos-that-baby,4,0,"1,0",0
whos-that-baby,5,0,"1,0",0
whos-that-baby,6,0,"1,0",0
whos-that-baby,7,0,"1,0",0
whos-that-baby,8,0,"1,0",0
whos-that-baby,9,0,"1,0",0
whos-that-baby,10,0,"1,0",0
whos-that-baby,11,0,"1,0",0
whos-that-baby,12,0,"1,0",0
whos-that-baby,13,0,"1,0",0
whos-that-baby,14,0,,0
whose-shoe-is-this,1,0,"1,0",0
whose-shoe-is-this,2,0,,0
whose-shoe-is-this,3,0,"1,0",0
whose-shoe-is-this,4,0,,0
whose-shoe-is-this,5,0,"1,0",0
whose-shoe-is-this,6,0,"1,0",0
whose-shoe-is-this,7,0,,0
whose-shoe-is-this,8,0,"1,0",0
whose-shoe-is-this,9,0,"1,0",0
whose-shoe-is-this,10,0,,0
whose-shoe-is-this,11,0,"1,0",0
whose-shoe-is-this,12,0,"1,0",0
whose-shoe-is-this,13,0,,0
whose-shoe-is-this,14,0,,0
why-birds-sing-at-dawn,1,0,"1,0;1,1",1
why-birds-sing-at-dawn,2,0,"1,0",0
why-birds-sing-at-dawn,3,0,"1,0",0
why-birds-sing-at-dawn,4,0,"1,0",0
why-birds-sing-at-dawn,5,0,"1,0",0
why-birds-sing-at-dawn,6,0,"1,0",0
why-birds-sing-at-dawn,7,0,"1,0",0
why-birds-sing-at-dawn,8,0,"1,0",0
why-birds-sing-at-dawn,9,0,"1,0",0
why-birds-sing-at-dawn,10,0,"1,0",0
why-birds-sing-at-dawn,11,0,"1,0",0
why-birds-sing-at-dawn,12,0,"1,0",0
why-birds-sing-at-dawn,13,0,,0
why-birds-sing-at-dawn,14,0,,0
why-is-there-a-hole-in-the-wall,1,0,"1,0",0
why-is-there-a-hole-in-the-wall,2,0,"1,0",0
why-is-there-a-hole-in-the-wall,3,0,"1,0",0
why-is-there-a-hole-in-the-wall,4,0,"1,0",0
why-is-there-a-hole-in-the-wall,5,0,"1,0",0
why-is-there-a-hole-in-the-wall,6,0,"1,0",0
why-is-there-a-hole-in-the-wall,7,0,"1,0",0
why-is-there-a-hole-in-the-wall,8,0,"1,0",0
why-is-there-a-hole-in-the-wall,9,0,"1,0",0
why-is-there-a-hole-in-the-wall,10,0,"1,0",0
why-is-there-a-hole-in-the-wall,11,0,"1,0",0
why-is-there-a-hole-in-the-wall,12,0,"1,0",0
why-is-there-a-hole-in-the-wall,13,0,,0
why-is-there-a-hole-in-the-wall,14,0,,0
why-the-owl-never-sleeps,1,0,"1,0",0
why-the-owl-never-sleeps,2,0,"1,0",0
why-the-owl-never-sleeps,3,0,"1,0",0
why-the-owl-never-sleeps,4,0,"1,0",0
why-the-owl-never-sleeps,5,0,"1,0",0
why-the-owl-never-sleeps,6,0,"1,0",0
why-the-owl-never-sleeps,7,0,"1,0",0
why-the-owl-never-sleeps,8,0,"1,0",0
why-the-owl-never-sleeps,9,0,"1,0",0
why-the-owl-never-sleeps,10,0,"1,0",0
why-the-owl-never-sleeps,11,0,"1,0",0
why-the-owl-never-sleeps,12,0,"1,0",0
why-the-owl-never-sleeps,13,0,,0
why-the-owl-never-sleeps,14,0,,0
wiggle-jiggle,1,0,"1,0",0
wiggle-jiggle,2,0,"1,0;1,1",1
wiggle-jiggle,3,0,"1,0",0
wiggle-jiggle,4,0,"1,0",0
wiggle-jiggle,5,0,"1,0",0
wiggle-jiggle,6,0,"1,0",0
wiggle-jiggle,7,0,"1,0",0
wiggle-jiggle,8,0,"1,0;1,1",1
wiggle-jiggle,9,0,"1,0",0
wiggle-jiggle,10,0,"1,0",0
wiggle-jiggle,11,0,"1,0",0
wiggle-jiggle,12,0,"1,0",0
wiggle-jiggle,13,0,,0
wiggle-jiggle,14,0,,0
woof-woof,1,0,"1,0",0
woof-woof,2,0,"1,0",0
woof-woof,3,0,"1,0",0
woof-woof,4,0,"1,0",0
woof-woof,5,0,"1,0",0
woof-woof,6,0,"1,0",0
woof-woof,7,0,"1,0",0
woof-woof,8,0,"1,0",0
woof-woof,9,0,"1,0",0
woof-woof,10,0,"1,0",0
woof-woof,11,0,"1,0",0
woof-woof,12,0,,0
woof-woof,13,0,,0
woof-woof,14,0,,0
yapo-saves-the-day,1,0,"1,0",0
yapo-saves-the-day,2,0,"1,0",0
yapo-saves-the-day,3,0,"1,0",0
yapo-saves-the-day,4,0,"1,0",0
yapo-saves-the-day,5,0,"1,0",0
yapo-saves-the-day,6,0,"1,0",0
yapo-saves-the-day,7,0,"1,0",0
yapo-saves-the-day,8,0,"1,0",0
yapo-saves-the-day,9,0,"1,0",0
yapo-saves-the-day,10,0,"1,0",0
yapo-saves-the-day,11,0,"1,0",0
yapo-saves-the-day,12,0,"1,0",0
yapo-saves-the-day,13,0,,0
yapo-saves-the-day,14,0,,0
yes-you-can,1,0,"1,0",0
yes-you-can,2,0,"1,0",0
yes-you-can,3,0,"1,0",0
yes-you-can,4,0,"1,0",0
yes-you-can,5,0,"1,0",0
yes-you-can,6,0,"1,0",0
yes-you-can,7,0,"1,0",0
yes-you-can,8,0,"1,0",0
yes-you-can,9,0,"1,0",0
yes-you-can,10,0,"1,0",0
yes-you-can,11,0,"1,0",0
yes-you-can,12,0,"1,0",0
yes-you-can,13,0,,0
yes-you-can,14,0,,0
you-yes-you,1,0,"1,0",0
you-yes-you,2,0,"1,0",0
you-yes-you,3,0,"1,0",0
you-yes-you,4,0,"1,0",0
you-yes-you,5,0,"-1,0;1,0",1
you-yes-you,6,0,"1,0",0
you-yes-you,7,0,"1,0",0
you-yes-you,8,0,"1,0",0
you-yes-you,9,0,"1,0",0
you-yes-you,10,0,"1,0",0
you-yes-you,11,0,"1,0",0
you-yes-you,12,0,"1,0",0
you-yes-you,13,0,"1,0",0
you-yes-you,14,0,"1,0",0
zandi-and-birdy-monster,1,0,"1,0",0
zandi-and-birdy-monster,2,0,"1,0",0
zandi-and-birdy-monster,3,0,"1,0",0
zandi-and-birdy-monster,4,0,"1,0",0
zandi-and-birdy-monster,5,0,"1,0",0
zandi-and-birdy-monster,6,0,"1,0",0
zandi-and-birdy-monster,7,0,"1,0",0
zandi-and-birdy-monster,8,0,"1,0",0
zandi-and-birdy-monster,9,0,"1,0",0
zandi-and-birdy-monster,10,0,"1,0",0
zandi-and-birdy-monster,11,0,"1,0",0
zandi-and-birdy-monster,12,0,"1,0",0
zandi-and-birdy-monster,13,0,,0
zandi-and-birdy-monster,14,0,,0
zanele-sees-numbers,1,0,"1,0",0
zanele-sees-numbers,2,0,"1,0",0
zanele-sees-numbers,3,0,"1,0",0
zanele-sees-numbers,4,0,"1,0",0
zanele-sees-numbers,5,0,"1,0",0
zanele-sees-numbers,6,0,"1,0",0
zanele-sees-numbers,7,0,"1,0",0
zanele-sees-numbers,8,0,"1,0",0
zanele-sees-numbers,9,0,"1,0",0
zanele-sees-numbers,10,0,"1,0",0
zanele-sees-numbers,11,0,"1,0",0
zanele-sees-numbers,12,0,,0
zanele-sees-numbers,13,0,,0
zanele-sees-numbers,14,0,,0
zenandes-helping-hands,1,0,"1,0",0
zenandes-helping-hands,2,0,"1,0",0
zenandes-helping-hands,3,0,"1,0",0
zenandes-helping-hands,4,0,"1,0",0
zenandes-helping-hands,5,0,"1,0",0
zenandes-helping-hands,6,0,"1,0",0
zenandes-helping-hands,7,0,"1,0",0
zenandes-helping-hands,8,0,"1,0",0
zenandes-helping-hands,9,0,"1,0",0
zenandes-helping-hands,10,0,"1,0",0
zenandes-helping-hands,11,0,"1,0",0
zenandes-helping-hands,12,0,"1,0",0
zenandes-helping-hands,13,0,,0
zenandes-helping-hands,14,0,,0
zibu-and-zizo,1,0,"1,0",0
zibu-and-zizo,2,0,"1,0",0
zibu-and-zizo,3,0,"1,0",0
zibu-and-zizo,4,0,"1,0",0
zibu-and-zizo,5,0,"1,0",0
zibu-and-zizo,6,0,"1,0",0
zibu-and-zizo,7,0,"1,0",0
zibu-and-zizo,8,0,"1,0",0
zibu-and-zizo,9,0,"1,0",0
zibu-and-zizo,10,0,"1,0",0
zibu-and-zizo,11,0,"1,0",0
zibu-and-zizo,12,0,"1,0",0
zibu-and-zizo,13,0,,0
zibu-and-zizo,14,0,,0
